sitio_id,mes_01,mes_02,mes_03,mes_04,mes_05,mes_06,mes_07,mes_08,mes_09,mes_10,mes_11,mes_12
S01,11,8,15,22,46,219,217,249,183,51,17,6
S02,11,8,15,26,52,198,175,204,145,84,12,6
S03,8,9,9,27,71,136,198,248,205,56,15,7
S04,13,6,14,19,67,128,219,237,216,91,15,6
S05,7,8,14,28,67,136,149,212,208,64,12,8
S06,11,10,12,21,63,167,195,193,213,57,17,8
S07,8,6,12,20,46,209,253,160,201,83,11,9
S08,10,7,15,28,57,214,197,216,160,49,18,8
S09,8,10,11,29,51,233,242,229,191,54,11,6
S10,8,6,9,18,60,178,257,250,220,50,17,6
S11,12,6,12,24,46,217,228,247,162,68,18,8
S12,9,9,9,20,46,186,257,200,144,85,15,10
