sitio_id,fecha,hora_inicio,observador,especie,gremio,abundancia
S01,2024-01-18,07:15,Ana López,Aulacorhynchus prasinus,Frugívoro,2
S01,2024-01-18,07:15,Ana López,Basileuterus rufifrons,Insectívoro,4
S01,2024-01-18,07:15,Ana López,Cathartes aura,Carroñero,3
S01,2024-01-18,07:15,Ana López,Catharus aurantiirostris,Insectívoro,5
S01,2024-01-18,07:15,Ana López,Columbina inca,Granívoro,1
S01,2024-01-18,07:15,Ana López,Henicorhina leucophrys,Insectívoro,1
S01,2024-01-18,07:15,Ana López,Hylocharis leucotis,Nectarívoro,4
S01,2024-01-18,07:15,Ana López,Melanerpes aurifrons,Omnívoro,1
S01,2024-01-18,07:15,Ana López,Momotus lessonii,Omnívoro,2
S01,2024-01-18,07:15,Ana López,Myadestes occidentalis,Frugívoro,9
S01,2024-01-18,07:15,Ana López,Passer domesticus,Granívoro,1
S01,2024-01-18,07:15,Ana López,Pitangus sulphuratus,Insectívoro,6
S01,2024-01-18,07:15,Ana López,Psaltriparus minimus,Insectívoro,4
S01,2024-01-18,07:15,Ana López,Setophaga coronata,Insectívoro,4
S01,2024-01-18,07:15,Ana López,Sturnella magna,Insectívoro,1
S01,2024-01-18,07:15,Ana López,Trogon mexicanus,Frugívoro,4
S01,2024-01-18,07:15,Ana López,Turdus grayi,Omnívoro,1
S01,2024-03-15,06:00,Ana López,Aulacorhynchus prasinus,Frugívoro,2
S01,2024-03-15,06:00,Ana López,Basileuterus rufifrons,Insectívoro,7
S01,2024-03-15,06:00,Ana López,Cathartes aura,Carroñero,2
S01,2024-03-15,06:00,Ana López,Catharus aurantiirostris,Insectívoro,1
S01,2024-03-15,06:00,Ana López,Cynanthus latirostris,Nectarívoro,2
S01,2024-03-15,06:00,Ana López,Henicorhina leucophrys,Insectívoro,7
S01,2024-03-15,06:00,Ana López,Hylocharis leucotis,Nectarívoro,5
S01,2024-03-15,06:00,Ana López,Melanerpes aurifrons,Omnívoro,6
S01,2024-03-15,06:00,Ana López,Momotus lessonii,Omnívoro,5
S01,2024-03-15,06:00,Ana López,Myadestes occidentalis,Frugívoro,12
S01,2024-03-15,06:00,Ana López,Pitangus sulphuratus,Insectívoro,4
S01,2024-03-15,06:00,Ana López,Psaltriparus minimus,Insectívoro,3
S01,2024-03-15,06:00,Ana López,Setophaga coronata,Insectívoro,6
S01,2024-03-15,06:00,Ana López,Trogon mexicanus,Frugívoro,2
S01,2024-03-15,06:00,Ana López,Turdus grayi,Omnívoro,6
S01,2024-05-18,07:45,Ana López,Aulacorhynchus prasinus,Frugívoro,6
S01,2024-05-18,07:45,Ana López,Basileuterus rufifrons,Insectívoro,4
S01,2024-05-18,07:45,Ana López,Cathartes aura,Carroñero,NA
S01,2024-05-18,07:45,Ana López,Catharus aurantiirostris,Insectívoro,6
S01,2024-05-18,07:45,Ana López,Cynanthus latirostris,Nectarívoro,2
S01,2024-05-18,07:45,Ana López,Henicorhina leucophrys,Insectívoro,7
S01,2024-05-18,07:45,Ana López,Hylocharis leucotis,Nectarívoro,8
S01,2024-05-18,07:45,Ana López,Melanerpes aurifrons,Omnívoro,3
S01,2024-05-18,07:45,Ana López,Momotus lessonii,Omnívoro,2
S01,2024-05-18,07:45,Ana López,Myadestes occidentalis,Frugívoro,9
S01,2024-05-18,07:45,Ana López,Psaltriparus minimus,Insectívoro,4
S01,2024-05-18,07:45,Ana López,Trogon mexicanus,Frugívoro,4
S01,2024-05-18,07:45,Ana López,Turdus grayi,Omnívoro,4
S01,2024-07-21,07:45,Marta Gómez,Aulacorhynchus prasinus,Frugívoro,1
S01,2024-07-21,07:45,Marta Gómez,Basileuterus rufifrons,Insectívoro,6
S01,2024-07-21,07:45,Marta Gómez,Cathartes aura,Carroñero,1
S01,2024-07-21,07:45,Marta Gómez,Catharus aurantiirostris,Insectívoro,3
S01,2024-07-21,07:45,Marta Gómez,Cynanthus latirostris,Nectarívoro,3
S01,2024-07-21,07:45,Marta Gómez,Henicorhina leucophrys,Insectívoro,11
S01,2024-07-21,07:45,Marta Gómez,Hylocharis leucotis,Nectarívoro,9
S01,2024-07-21,07:45,Marta Gómez,Melanerpes aurifrons,Omnívoro,2
S01,2024-07-21,07:45,Marta Gómez,Momotus lessonii,Omnívoro,2
S01,2024-07-21,07:45,Marta Gómez,Myadestes occidentalis,Frugívoro,8
S01,2024-07-21,07:45,Marta Gómez,Pitangus sulphuratus,Insectívoro,1
S01,2024-07-21,07:45,Marta Gómez,Psaltriparus minimus,Insectívoro,7
S01,2024-07-21,07:45,Marta Gómez,Quiscalus mexicanus,Omnívoro,1
S01,2024-07-21,07:45,Marta Gómez,Trogon mexicanus,Frugívoro,8
S01,2024-07-21,07:45,Marta Gómez,Turdus grayi,Omnívoro,3
S01,2024-07-21,07:45,Marta Gómez,Zenaida asiatica,Granívoro,1
S01,2024-09-19,06:45,Carlos Ruiz,Aulacorhynchus prasinus,Frugívoro,6
S01,2024-09-19,06:45,Carlos Ruiz,Basileuterus rufifrons,Insectívoro,11
S01,2024-09-19,06:45,Carlos Ruiz,Cathartes aura,Carroñero,2
S01,2024-09-19,06:45,Carlos Ruiz,Catharus aurantiirostris,Insectívoro,3
S01,2024-09-19,06:45,Carlos Ruiz,Columbina inca,Granívoro,1
S01,2024-09-19,06:45,Carlos Ruiz,Henicorhina leucophrys,Insectívoro,18
S01,2024-09-19,06:45,Carlos Ruiz,Hylocharis leucotis,Nectarívoro,10
S01,2024-09-19,06:45,Carlos Ruiz,Melanerpes aurifrons,Omnívoro,NA
S01,2024-09-19,06:45,Carlos Ruiz,Momotus lessonii,Omnívoro,4
S01,2024-09-19,06:45,Carlos Ruiz,Myadestes occidentalis,Frugívoro,13
S01,2024-09-19,06:45,Carlos Ruiz,Pitangus sulphuratus,Insectívoro,8
S01,2024-09-19,06:45,Carlos Ruiz,Psaltriparus minimus,Insectívoro,4
S01,2024-09-19,06:45,Carlos Ruiz,Trogon mexicanus,Frugívoro,3
S01,2024-09-19,06:45,Carlos Ruiz,Turdus grayi,Omnívoro,7
S01,2024-11-18,07:15,Marta Gómez,Aulacorhynchus prasinus,Frugívoro,5
S01,2024-11-18,07:15,Marta Gómez,Basileuterus rufifrons,Insectívoro,6
S01,2024-11-18,07:15,Marta Gómez,Catharus aurantiirostris,Insectívoro,2
S01,2024-11-18,07:15,Marta Gómez,Henicorhina leucophrys,Insectívoro,6
S01,2024-11-18,07:15,Marta Gómez,Hylocharis leucotis,Nectarívoro,4
S01,2024-11-18,07:15,Marta Gómez,Melanerpes aurifrons,Omnívoro,3
S01,2024-11-18,07:15,Marta Gómez,Momotus lessonii,Omnívoro,7
S01,2024-11-18,07:15,Marta Gómez,Myadestes occidentalis,Frugívoro,NA
S01,2024-11-18,07:15,Marta Gómez,Pitangus sulphuratus,Insectívoro,1
S01,2024-11-18,07:15,Marta Gómez,Psaltriparus minimus,Insectívoro,9
S01,2024-11-18,07:15,Marta Gómez,Quiscalus mexicanus,Omnívoro,1
S01,2024-11-18,07:15,Marta Gómez,Setophaga coronata,Insectívoro,5
S01,2024-11-18,07:15,Marta Gómez,Trogon mexicanus,Frugívoro,4
S01,2024-11-18,07:15,Marta Gómez,Turdus grayi,Omnívoro,4
S02,2024-01-23,07:00,Carlos Ruiz,Aulacorhynchus prasinus,Frugívoro,6
S02,2024-01-23,07:00,Carlos Ruiz,Basileuterus rufifrons,Insectívoro,4
S02,2024-01-23,07:00,Carlos Ruiz,Catharus aurantiirostris,Insectívoro,5
S02,2024-01-23,07:00,Carlos Ruiz,Cynanthus latirostris,Nectarívoro,1
S02,2024-01-23,07:00,Carlos Ruiz,Henicorhina leucophrys,Insectívoro,7
S02,2024-01-23,07:00,Carlos Ruiz,Hylocharis leucotis,Nectarívoro,9
S02,2024-01-23,07:00,Carlos Ruiz,Melanerpes aurifrons,Omnívoro,4
S02,2024-01-23,07:00,Carlos Ruiz,Momotus lessonii,Omnívoro,1
S02,2024-01-23,07:00,Carlos Ruiz,Myadestes occidentalis,Frugívoro,10
S02,2024-01-23,07:00,Carlos Ruiz,Pitangus sulphuratus,Insectívoro,2
S02,2024-01-23,07:00,Carlos Ruiz,Psaltriparus minimus,Insectívoro,3
S02,2024-01-23,07:00,Carlos Ruiz,Setophaga coronata,Insectívoro,4
S02,2024-01-23,07:00,Carlos Ruiz,Trogon mexicanus,Frugívoro,3
S02,2024-01-23,07:00,Carlos Ruiz,Turdus grayi,Omnívoro,3
S02,2024-03-14,08:00,Marta Gómez,Aulacorhynchus prasinus,Frugívoro,5
S02,2024-03-14,08:00,Marta Gómez,Basileuterus rufifrons,Insectívoro,7
S02,2024-03-14,08:00,Marta Gómez,Catharus aurantiirostris,Insectívoro,4
S02,2024-03-14,08:00,Marta Gómez,Cynanthus latirostris,Nectarívoro,2
S02,2024-03-14,08:00,Marta Gómez,Henicorhina leucophrys,Insectívoro,5
S02,2024-03-14,08:00,Marta Gómez,Hylocharis leucotis,Nectarívoro,5
S02,2024-03-14,08:00,Marta Gómez,Melanerpes aurifrons,Omnívoro,2
S02,2024-03-14,08:00,Marta Gómez,Momotus lessonii,Omnívoro,2
S02,2024-03-14,08:00,Marta Gómez,Myadestes occidentalis,Frugívoro,10
S02,2024-03-14,08:00,Marta Gómez,Pitangus sulphuratus,Insectívoro,2
S02,2024-03-14,08:00,Marta Gómez,Setophaga coronata,Insectívoro,3
S02,2024-03-14,08:00,Marta Gómez,Trogon mexicanus,Frugívoro,5
S02,2024-03-14,08:00,Marta Gómez,Turdus grayi,Omnívoro,2
S02,2024-05-21,08:45,Carlos Ruiz,Aulacorhynchus prasinus,Frugívoro,5
S02,2024-05-21,08:45,Carlos Ruiz,Basileuterus rufifrons,Insectívoro,9
S02,2024-05-21,08:45,Carlos Ruiz,Cathartes aura,Carroñero,2
S02,2024-05-21,08:45,Carlos Ruiz,Catharus aurantiirostris,Insectívoro,2
S02,2024-05-21,08:45,Carlos Ruiz,Cynanthus latirostris,Nectarívoro,1
S02,2024-05-21,08:45,Carlos Ruiz,Henicorhina leucophrys,Insectívoro,6
S02,2024-05-21,08:45,Carlos Ruiz,Hylocharis leucotis,Nectarívoro,8
S02,2024-05-21,08:45,Carlos Ruiz,Melanerpes aurifrons,Omnívoro,2
S02,2024-05-21,08:45,Carlos Ruiz,Momotus lessonii,Omnívoro,2
S02,2024-05-21,08:45,Carlos Ruiz,Myadestes occidentalis,Frugívoro,10
S02,2024-05-21,08:45,Carlos Ruiz,Pitangus sulphuratus,Insectívoro,5
S02,2024-05-21,08:45,Carlos Ruiz,Psaltriparus minimus,Insectívoro,7
S02,2024-05-21,08:45,Carlos Ruiz,Trogon mexicanus,Frugívoro,4
S02,2024-05-21,08:45,Carlos Ruiz,Turdus grayi,Omnívoro,2
S02,2024-05-21,08:45,Carlos Ruiz,Tyrannus melancholicus,Insectívoro,1
S02,2024-07-21,08:00,Ana López,Aulacorhynchus prasinus,Frugívoro,5
S02,2024-07-21,08:00,Ana López,Basileuterus rufifrons,Insectívoro,3
S02,2024-07-21,08:00,Ana López,Cathartes aura,Carroñero,1
S02,2024-07-21,08:00,Ana López,Catharus aurantiirostris,Insectívoro,6
S02,2024-07-21,08:00,Ana López,Cynanthus latirostris,Nectarívoro,4
S02,2024-07-21,08:00,Ana López,Henicorhina leucophrys,Insectívoro,13
S02,2024-07-21,08:00,Ana López,Hylocharis leucotis,Nectarívoro,7
S02,2024-07-21,08:00,Ana López,Momotus lessonii,Omnívoro,4
S02,2024-07-21,08:00,Ana López,Myadestes occidentalis,Frugívoro,8
S02,2024-07-21,08:00,Ana López,Passer domesticus,Granívoro,1
S02,2024-07-21,08:00,Ana López,Pitangus sulphuratus,Insectívoro,1
S02,2024-07-21,08:00,Ana López,Psaltriparus minimus,Insectívoro,6
S02,2024-07-21,08:00,Ana López,Trogon mexicanus,Frugívoro,5
S02,2024-07-21,08:00,Ana López,Turdus grayi,Omnívoro,7
S02,2024-09-20,08:00,Ana López,Aulacorhynchus prasinus,Frugívoro,9
S02,2024-09-20,08:00,Ana López,Basileuterus rufifrons,Insectívoro,6
S02,2024-09-20,08:00,Ana López,Catharus aurantiirostris,Insectívoro,7
S02,2024-09-20,08:00,Ana López,Cynanthus latirostris,Nectarívoro,3
S02,2024-09-20,08:00,Ana López,Henicorhina leucophrys,Insectívoro,11
S02,2024-09-20,08:00,Ana López,Hylocharis leucotis,Nectarívoro,2
S02,2024-09-20,08:00,Ana López,Melanerpes aurifrons,Omnívoro,5
S02,2024-09-20,08:00,Ana López,Momotus lessonii,Omnívoro,3
S02,2024-09-20,08:00,Ana López,Myadestes occidentalis,Frugívoro,11
S02,2024-09-20,08:00,Ana López,Pitangus sulphuratus,Insectívoro,2
S02,2024-09-20,08:00,Ana López,Psaltriparus minimus,Insectívoro,6
S02,2024-09-20,08:00,Ana López,Trogon mexicanus,Frugívoro,5
S02,2024-09-20,08:00,Ana López,Turdus grayi,Omnívoro,6
S02,2024-11-14,08:00,Carlos Ruiz,Aulacorhynchus prasinus,Frugívoro,1
S02,2024-11-14,08:00,Carlos Ruiz,Basileuterus rufifrons,Insectívoro,3
S02,2024-11-14,08:00,Carlos Ruiz,Catharus aurantiirostris,Insectívoro,6
S02,2024-11-14,08:00,Carlos Ruiz,Cynanthus latirostris,Nectarívoro,2
S02,2024-11-14,08:00,Carlos Ruiz,Henicorhina leucophrys,Insectívoro,5
S02,2024-11-14,08:00,Carlos Ruiz,Hylocharis leucotis,Nectarívoro,6
S02,2024-11-14,08:00,Carlos Ruiz,Melanerpes aurifrons,Omnívoro,1
S02,2024-11-14,08:00,Carlos Ruiz,Momotus lessonii,Omnívoro,3
S02,2024-11-14,08:00,Carlos Ruiz,Myadestes occidentalis,Frugívoro,8
S02,2024-11-14,08:00,Carlos Ruiz,Pitangus sulphuratus,Insectívoro,4
S02,2024-11-14,08:00,Carlos Ruiz,Psaltriparus minimus,Insectívoro,1
S02,2024-11-14,08:00,Carlos Ruiz,Setophaga coronata,Insectívoro,5
S02,2024-11-14,08:00,Carlos Ruiz,Trogon mexicanus,Frugívoro,5
S02,2024-11-14,08:00,Carlos Ruiz,Turdus grayi,Omnívoro,3
S03,2024-01-19,06:00,Carlos Ruiz,Aulacorhynchus prasinus,Frugívoro,NA
S03,2024-01-19,06:00,Carlos Ruiz,Basileuterus rufifrons,Insectívoro,7
S03,2024-01-19,06:00,Carlos Ruiz,Cathartes aura,Carroñero,4
S03,2024-01-19,06:00,Carlos Ruiz,Catharus aurantiirostris,Insectívoro,4
S03,2024-01-19,06:00,Carlos Ruiz,Henicorhina leucophrys,Insectívoro,8
S03,2024-01-19,06:00,Carlos Ruiz,Hylocharis leucotis,Nectarívoro,6
S03,2024-01-19,06:00,Carlos Ruiz,Melanerpes aurifrons,Omnívoro,2
S03,2024-01-19,06:00,Carlos Ruiz,Momotus lessonii,Omnívoro,1
S03,2024-01-19,06:00,Carlos Ruiz,Myadestes occidentalis,Frugívoro,4
S03,2024-01-19,06:00,Carlos Ruiz,Passer domesticus,Granívoro,1
S03,2024-01-19,06:00,Carlos Ruiz,Pitangus sulphuratus,Insectívoro,1
S03,2024-01-19,06:00,Carlos Ruiz,Psaltriparus minimus,Insectívoro,6
S03,2024-01-19,06:00,Carlos Ruiz,Setophaga coronata,Insectívoro,5
S03,2024-01-19,06:00,Carlos Ruiz,Trogon mexicanus,Frugívoro,1
S03,2024-03-20,07:15,Carlos Ruiz,Aulacorhynchus prasinus,Frugívoro,4
S03,2024-03-20,07:15,Carlos Ruiz,Cathartes aura,Carroñero,2
S03,2024-03-20,07:15,Carlos Ruiz,Catharus aurantiirostris,Insectívoro,8
S03,2024-03-20,07:15,Carlos Ruiz,Cynanthus latirostris,Nectarívoro,2
S03,2024-03-20,07:15,Carlos Ruiz,Henicorhina leucophrys,Insectívoro,8
S03,2024-03-20,07:15,Carlos Ruiz,Hylocharis leucotis,Nectarívoro,8
S03,2024-03-20,07:15,Carlos Ruiz,Momotus lessonii,Omnívoro,1
S03,2024-03-20,07:15,Carlos Ruiz,Myadestes occidentalis,Frugívoro,7
S03,2024-03-20,07:15,Carlos Ruiz,Pitangus sulphuratus,Insectívoro,3
S03,2024-03-20,07:15,Carlos Ruiz,Psaltriparus minimus,Insectívoro,4
S03,2024-03-20,07:15,Carlos Ruiz,Setophaga coronata,Insectívoro,5
S03,2024-03-20,07:15,Carlos Ruiz,Trogon mexicanus,Frugívoro,4
S03,2024-03-20,07:15,Carlos Ruiz,Turdus grayi,Omnívoro,6
S03,2024-03-20,07:15,Carlos Ruiz,Tyrannus melancholicus,Insectívoro,1
S03,2024-05-22,06:30,Ana López,Aulacorhynchus prasinus,Frugívoro,4
S03,2024-05-22,06:30,Ana López,Basileuterus rufifrons,Insectívoro,5
S03,2024-05-22,06:30,Ana López,Catharus aurantiirostris,Insectívoro,6
S03,2024-05-22,06:30,Ana López,Cynanthus latirostris,Nectarívoro,1
S03,2024-05-22,06:30,Ana López,Henicorhina leucophrys,Insectívoro,6
S03,2024-05-22,06:30,Ana López,Hylocharis leucotis,Nectarívoro,11
S03,2024-05-22,06:30,Ana López,Melanerpes aurifrons,Omnívoro,4
S03,2024-05-22,06:30,Ana López,Momotus lessonii,Omnívoro,3
S03,2024-05-22,06:30,Ana López,Myadestes occidentalis,Frugívoro,8
S03,2024-05-22,06:30,Ana López,Pitangus sulphuratus,Insectívoro,3
S03,2024-05-22,06:30,Ana López,Psaltriparus minimus,Insectívoro,4
S03,2024-05-22,06:30,Ana López,Sturnella magna,Insectívoro,2
S03,2024-05-22,06:30,Ana López,Trogon mexicanus,Frugívoro,6
S03,2024-05-22,06:30,Ana López,Turdus grayi,Omnívoro,3
S03,2024-07-18,06:15,Carlos Ruiz,Aulacorhynchus prasinus,Frugívoro,8
S03,2024-07-18,06:15,Carlos Ruiz,Basileuterus rufifrons,Insectívoro,8
S03,2024-07-18,06:15,Carlos Ruiz,Cathartes aura,Carroñero,2
S03,2024-07-18,06:15,Carlos Ruiz,Catharus aurantiirostris,Insectívoro,10
S03,2024-07-18,06:15,Carlos Ruiz,Cynanthus latirostris,Nectarívoro,2
S03,2024-07-18,06:15,Carlos Ruiz,Henicorhina leucophrys,Insectívoro,8
S03,2024-07-18,06:15,Carlos Ruiz,Hylocharis leucotis,Nectarívoro,11
S03,2024-07-18,06:15,Carlos Ruiz,Melanerpes aurifrons,Omnívoro,2
S03,2024-07-18,06:15,Carlos Ruiz,Momotus lessonii,Omnívoro,4
S03,2024-07-18,06:15,Carlos Ruiz,Myadestes occidentalis,Frugívoro,9
S03,2024-07-18,06:15,Carlos Ruiz,Passer domesticus,Granívoro,2
S03,2024-07-18,06:15,Carlos Ruiz,Pitangus sulphuratus,Insectívoro,1
S03,2024-07-18,06:15,Carlos Ruiz,Psaltriparus minimus,Insectívoro,3
S03,2024-07-18,06:15,Carlos Ruiz,Trogon mexicanus,Frugívoro,5
S03,2024-07-18,06:15,Carlos Ruiz,Turdus grayi,Omnívoro,3
S03,2024-09-22,07:15,Marta Gómez,Aulacorhynchus prasinus,Frugívoro,2
S03,2024-09-22,07:15,Marta Gómez,Basileuterus rufifrons,Insectívoro,11
S03,2024-09-22,07:15,Marta Gómez,Cathartes aura,Carroñero,3
S03,2024-09-22,07:15,Marta Gómez,Catharus aurantiirostris,Insectívoro,2
S03,2024-09-22,07:15,Marta Gómez,Cynanthus latirostris,Nectarívoro,2
S03,2024-09-22,07:15,Marta Gómez,Henicorhina leucophrys,Insectívoro,12
S03,2024-09-22,07:15,Marta Gómez,Hylocharis leucotis,Nectarívoro,9
S03,2024-09-22,07:15,Marta Gómez,Melanerpes aurifrons,Omnívoro,3
S03,2024-09-22,07:15,Marta Gómez,Momotus lessonii,Omnívoro,3
S03,2024-09-22,07:15,Marta Gómez,Myadestes occidentalis,Frugívoro,10
S03,2024-09-22,07:15,Marta Gómez,Pitangus sulphuratus,Insectívoro,3
S03,2024-09-22,07:15,Marta Gómez,Psaltriparus minimus,Insectívoro,4
S03,2024-09-22,07:15,Marta Gómez,Sporophila torqueola,Granívoro,1
S03,2024-09-22,07:15,Marta Gómez,Trogon mexicanus,Frugívoro,2
S03,2024-09-22,07:15,Marta Gómez,Turdus grayi,Omnívoro,6
S03,2024-11-14,06:45,Marta Gómez,Aulacorhynchus prasinus,Frugívoro,3
S03,2024-11-14,06:45,Marta Gómez,Basileuterus rufifrons,Insectívoro,5
S03,2024-11-14,06:45,Marta Gómez,Cathartes aura,Carroñero,1
S03,2024-11-14,06:45,Marta Gómez,Catharus aurantiirostris,Insectívoro,4
S03,2024-11-14,06:45,Marta Gómez,Cynanthus latirostris,Nectarívoro,2
S03,2024-11-14,06:45,Marta Gómez,Henicorhina leucophrys,Insectívoro,5
S03,2024-11-14,06:45,Marta Gómez,Hylocharis leucotis,Nectarívoro,6
S03,2024-11-14,06:45,Marta Gómez,Melanerpes aurifrons,Omnívoro,2
S03,2024-11-14,06:45,Marta Gómez,Momotus lessonii,Omnívoro,4
S03,2024-11-14,06:45,Marta Gómez,Myadestes occidentalis,Frugívoro,2
S03,2024-11-14,06:45,Marta Gómez,Psaltriparus minimus,Insectívoro,3
S03,2024-11-14,06:45,Marta Gómez,Setophaga coronata,Insectívoro,3
S03,2024-11-14,06:45,Marta Gómez,Sporophila torqueola,Granívoro,1
S03,2024-11-14,06:45,Marta Gómez,Trogon mexicanus,Frugívoro,7
S03,2024-11-14,06:45,Marta Gómez,Turdus grayi,Omnívoro,2
S04,2024-01-18,07:15,Marta Gómez,Aulacorhynchus prasinus,Frugívoro,2
S04,2024-01-18,07:15,Marta Gómez,Basileuterus rufifrons,Insectívoro,8
S04,2024-01-18,07:15,Marta Gómez,Catharus aurantiirostris,Insectívoro,1
S04,2024-01-18,07:15,Marta Gómez,Cynanthus latirostris,Nectarívoro,1
S04,2024-01-18,07:15,Marta Gómez,Henicorhina leucophrys,Insectívoro,11
S04,2024-01-18,07:15,Marta Gómez,Hylocharis leucotis,Nectarívoro,4
S04,2024-01-18,07:15,Marta Gómez,Momotus lessonii,Omnívoro,3
S04,2024-01-18,07:15,Marta Gómez,Myadestes occidentalis,Frugívoro,4
S04,2024-01-18,07:15,Marta Gómez,Pitangus sulphuratus,Insectívoro,3
S04,2024-01-18,07:15,Marta Gómez,Psaltriparus minimus,Insectívoro,1
S04,2024-01-18,07:15,Marta Gómez,Trogon mexicanus,Frugívoro,5
S04,2024-01-18,07:15,Marta Gómez,Turdus grayi,Omnívoro,5
S04,2024-03-17,08:30,Marta Gómez,Aulacorhynchus prasinus,Frugívoro,2
S04,2024-03-17,08:30,Marta Gómez,Basileuterus rufifrons,Insectívoro,5
S04,2024-03-17,08:30,Marta Gómez,Cathartes aura,Carroñero,1
S04,2024-03-17,08:30,Marta Gómez,Catharus aurantiirostris,Insectívoro,3
S04,2024-03-17,08:30,Marta Gómez,Cynanthus latirostris,Nectarívoro,2
S04,2024-03-17,08:30,Marta Gómez,Henicorhina leucophrys,Insectívoro,8
S04,2024-03-17,08:30,Marta Gómez,Hylocharis leucotis,Nectarívoro,7
S04,2024-03-17,08:30,Marta Gómez,Melanerpes aurifrons,Omnívoro,1
S04,2024-03-17,08:30,Marta Gómez,Momotus lessonii,Omnívoro,7
S04,2024-03-17,08:30,Marta Gómez,Myadestes occidentalis,Frugívoro,4
S04,2024-03-17,08:30,Marta Gómez,Pitangus sulphuratus,Insectívoro,1
S04,2024-03-17,08:30,Marta Gómez,Psaltriparus minimus,Insectívoro,5
S04,2024-03-17,08:30,Marta Gómez,Setophaga coronata,Insectívoro,2
S04,2024-03-17,08:30,Marta Gómez,Trogon mexicanus,Frugívoro,6
S04,2024-03-17,08:30,Marta Gómez,Turdus grayi,Omnívoro,2
S04,2024-05-17,06:15,Carlos Ruiz,Aulacorhynchus prasinus,Frugívoro,1
S04,2024-05-17,06:15,Carlos Ruiz,Basileuterus rufifrons,Insectívoro,4
S04,2024-05-17,06:15,Carlos Ruiz,Cathartes aura,Carroñero,1
S04,2024-05-17,06:15,Carlos Ruiz,Catharus aurantiirostris,Insectívoro,5
S04,2024-05-17,06:15,Carlos Ruiz,Cynanthus latirostris,Nectarívoro,1
S04,2024-05-17,06:15,Carlos Ruiz,Henicorhina leucophrys,Insectívoro,4
S04,2024-05-17,06:15,Carlos Ruiz,Hylocharis leucotis,Nectarívoro,4
S04,2024-05-17,06:15,Carlos Ruiz,Melanerpes aurifrons,Omnívoro,2
S04,2024-05-17,06:15,Carlos Ruiz,Momotus lessonii,Omnívoro,4
S04,2024-05-17,06:15,Carlos Ruiz,Myadestes occidentalis,Frugívoro,12
S04,2024-05-17,06:15,Carlos Ruiz,Passer domesticus,Granívoro,1
S04,2024-05-17,06:15,Carlos Ruiz,Pitangus sulphuratus,Insectívoro,2
S04,2024-05-17,06:15,Carlos Ruiz,Psaltriparus minimus,Insectívoro,4
S04,2024-05-17,06:15,Carlos Ruiz,Trogon mexicanus,Frugívoro,3
S04,2024-05-17,06:15,Carlos Ruiz,Turdus grayi,Omnívoro,3
S04,2024-07-20,08:45,Carlos Ruiz,Aulacorhynchus prasinus,Frugívoro,5
S04,2024-07-20,08:45,Carlos Ruiz,Basileuterus rufifrons,Insectívoro,8
S04,2024-07-20,08:45,Carlos Ruiz,Catharus aurantiirostris,Insectívoro,8
S04,2024-07-20,08:45,Carlos Ruiz,Henicorhina leucophrys,Insectívoro,9
S04,2024-07-20,08:45,Carlos Ruiz,Hylocharis leucotis,Nectarívoro,15
S04,2024-07-20,08:45,Carlos Ruiz,Melanerpes aurifrons,Omnívoro,6
S04,2024-07-20,08:45,Carlos Ruiz,Momotus lessonii,Omnívoro,4
S04,2024-07-20,08:45,Carlos Ruiz,Myadestes occidentalis,Frugívoro,12
S04,2024-07-20,08:45,Carlos Ruiz,Pitangus sulphuratus,Insectívoro,3
S04,2024-07-20,08:45,Carlos Ruiz,Psaltriparus minimus,Insectívoro,6
S04,2024-07-20,08:45,Carlos Ruiz,Trogon mexicanus,Frugívoro,7
S04,2024-07-20,08:45,Carlos Ruiz,Turdus grayi,Omnívoro,4
S04,2024-07-20,08:45,Carlos Ruiz,Tyrannus melancholicus,Insectívoro,1
S04,2024-09-21,08:45,Carlos Ruiz,Aulacorhynchus prasinus,Frugívoro,9
S04,2024-09-21,08:45,Carlos Ruiz,Basileuterus rufifrons,Insectívoro,10
S04,2024-09-21,08:45,Carlos Ruiz,Cathartes aura,Carroñero,1
S04,2024-09-21,08:45,Carlos Ruiz,Catharus aurantiirostris,Insectívoro,6
S04,2024-09-21,08:45,Carlos Ruiz,Cynanthus latirostris,Nectarívoro,2
S04,2024-09-21,08:45,Carlos Ruiz,Henicorhina leucophrys,Insectívoro,6
S04,2024-09-21,08:45,Carlos Ruiz,Hylocharis leucotis,Nectarívoro,5
S04,2024-09-21,08:45,Carlos Ruiz,Melanerpes aurifrons,Omnívoro,1
S04,2024-09-21,08:45,Carlos Ruiz,Momotus lessonii,Omnívoro,4
S04,2024-09-21,08:45,Carlos Ruiz,Myadestes occidentalis,Frugívoro,12
S04,2024-09-21,08:45,Carlos Ruiz,Pitangus sulphuratus,Insectívoro,4
S04,2024-09-21,08:45,Carlos Ruiz,Psaltriparus minimus,Insectívoro,6
S04,2024-09-21,08:45,Carlos Ruiz,Trogon mexicanus,Frugívoro,6
S04,2024-09-21,08:45,Carlos Ruiz,Turdus grayi,Omnívoro,NA
S04,2024-09-21,08:45,Carlos Ruiz,Tyrannus melancholicus,Insectívoro,1
S04,2024-11-17,08:15,Ana López,Aulacorhynchus prasinus,Frugívoro,5
S04,2024-11-17,08:15,Ana López,Basileuterus rufifrons,Insectívoro,6
S04,2024-11-17,08:15,Ana López,Cathartes aura,Carroñero,1
S04,2024-11-17,08:15,Ana López,Catharus aurantiirostris,Insectívoro,3
S04,2024-11-17,08:15,Ana López,Cynanthus latirostris,Nectarívoro,1
S04,2024-11-17,08:15,Ana López,Henicorhina leucophrys,Insectívoro,7
S04,2024-11-17,08:15,Ana López,Hylocharis leucotis,Nectarívoro,5
S04,2024-11-17,08:15,Ana López,Momotus lessonii,Omnívoro,4
S04,2024-11-17,08:15,Ana López,Myadestes occidentalis,Frugívoro,5
S04,2024-11-17,08:15,Ana López,Passer domesticus,Granívoro,1
S04,2024-11-17,08:15,Ana López,Pitangus sulphuratus,Insectívoro,1
S04,2024-11-17,08:15,Ana López,Psaltriparus minimus,Insectívoro,4
S04,2024-11-17,08:15,Ana López,Setophaga coronata,Insectívoro,3
S04,2024-11-17,08:15,Ana López,Trogon mexicanus,Frugívoro,2
S04,2024-11-17,08:15,Ana López,Turdus grayi,Omnívoro,2
S05,2024-01-18,08:00,Marta Gómez,Aulacorhynchus prasinus,Frugívoro,2
S05,2024-01-18,08:00,Marta Gómez,Basileuterus rufifrons,Insectívoro,1
S05,2024-01-18,08:00,Marta Gómez,Catharus aurantiirostris,Insectívoro,3
S05,2024-01-18,08:00,Marta Gómez,Columbina inca,Granívoro,2
S05,2024-01-18,08:00,Marta Gómez,Cynanthus latirostris,Nectarívoro,1
S05,2024-01-18,08:00,Marta Gómez,Henicorhina leucophrys,Insectívoro,4
S05,2024-01-18,08:00,Marta Gómez,Hylocharis leucotis,Nectarívoro,1
S05,2024-01-18,08:00,Marta Gómez,Melanerpes aurifrons,Omnívoro,1
S05,2024-01-18,08:00,Marta Gómez,Momotus lessonii,Omnívoro,1
S05,2024-01-18,08:00,Marta Gómez,Myadestes occidentalis,Frugívoro,2
S05,2024-01-18,08:00,Marta Gómez,Passer domesticus,Granívoro,4
S05,2024-01-18,08:00,Marta Gómez,Pitangus sulphuratus,Insectívoro,2
S05,2024-01-18,08:00,Marta Gómez,Psaltriparus minimus,Insectívoro,4
S05,2024-01-18,08:00,Marta Gómez,Quiscalus mexicanus,Omnívoro,4
S05,2024-01-18,08:00,Marta Gómez,Setophaga coronata,Insectívoro,5
S05,2024-01-18,08:00,Marta Gómez,Sporophila torqueola,Granívoro,1
S05,2024-01-18,08:00,Marta Gómez,Sturnella magna,Insectívoro,2
S05,2024-01-18,08:00,Marta Gómez,Trogon mexicanus,Frugívoro,1
S05,2024-01-18,08:00,Marta Gómez,Turdus grayi,Omnívoro,5
S05,2024-01-18,08:00,Marta Gómez,Tyrannus melancholicus,Insectívoro,1
S05,2024-03-17,06:00,Carlos Ruiz,Aulacorhynchus prasinus,Frugívoro,1
S05,2024-03-17,06:00,Carlos Ruiz,Basileuterus rufifrons,Insectívoro,3
S05,2024-03-17,06:00,Carlos Ruiz,Cathartes aura,Carroñero,4
S05,2024-03-17,06:00,Carlos Ruiz,Catharus aurantiirostris,Insectívoro,1
S05,2024-03-17,06:00,Carlos Ruiz,Columbina inca,Granívoro,4
S05,2024-03-17,06:00,Carlos Ruiz,Cynanthus latirostris,Nectarívoro,2
S05,2024-03-17,06:00,Carlos Ruiz,Henicorhina leucophrys,Insectívoro,4
S05,2024-03-17,06:00,Carlos Ruiz,Hylocharis leucotis,Nectarívoro,1
S05,2024-03-17,06:00,Carlos Ruiz,Melanerpes aurifrons,Omnívoro,1
S05,2024-03-17,06:00,Carlos Ruiz,Momotus lessonii,Omnívoro,3
S05,2024-03-17,06:00,Carlos Ruiz,Myadestes occidentalis,Frugívoro,NA
S05,2024-03-17,06:00,Carlos Ruiz,Passer domesticus,Granívoro,3
S05,2024-03-17,06:00,Carlos Ruiz,Pitangus sulphuratus,Insectívoro,4
S05,2024-03-17,06:00,Carlos Ruiz,Psaltriparus minimus,Insectívoro,8
S05,2024-03-17,06:00,Carlos Ruiz,Quiscalus mexicanus,Omnívoro,7
S05,2024-03-17,06:00,Carlos Ruiz,Setophaga coronata,Insectívoro,8
S05,2024-03-17,06:00,Carlos Ruiz,Sporophila torqueola,Granívoro,1
S05,2024-03-17,06:00,Carlos Ruiz,Sturnella magna,Insectívoro,1
S05,2024-03-17,06:00,Carlos Ruiz,Trogon mexicanus,Frugívoro,2
S05,2024-03-17,06:00,Carlos Ruiz,Turdus grayi,Omnívoro,4
S05,2024-03-17,06:00,Carlos Ruiz,Zenaida asiatica,Granívoro,4
S05,2024-05-16,06:15,Ana López,Aulacorhynchus prasinus,Frugívoro,2
S05,2024-05-16,06:15,Ana López,Basileuterus rufifrons,Insectívoro,5
S05,2024-05-16,06:15,Ana López,Cathartes aura,Carroñero,1
S05,2024-05-16,06:15,Ana López,Columbina inca,Granívoro,5
S05,2024-05-16,06:15,Ana López,Cynanthus latirostris,Nectarívoro,3
S05,2024-05-16,06:15,Ana López,Henicorhina leucophrys,Insectívoro,4
S05,2024-05-16,06:15,Ana López,Hylocharis leucotis,Nectarívoro,1
S05,2024-05-16,06:15,Ana López,Melanerpes aurifrons,Omnívoro,2
S05,2024-05-16,06:15,Ana López,Myadestes occidentalis,Frugívoro,2
S05,2024-05-16,06:15,Ana López,Passer domesticus,Granívoro,1
S05,2024-05-16,06:15,Ana López,Pitangus sulphuratus,Insectívoro,2
S05,2024-05-16,06:15,Ana López,Psaltriparus minimus,Insectívoro,5
S05,2024-05-16,06:15,Ana López,Quiscalus mexicanus,Omnívoro,4
S05,2024-05-16,06:15,Ana López,Sporophila torqueola,Granívoro,1
S05,2024-05-16,06:15,Ana López,Trogon mexicanus,Frugívoro,1
S05,2024-05-16,06:15,Ana López,Turdus grayi,Omnívoro,5
S05,2024-05-16,06:15,Ana López,Tyrannus melancholicus,Insectívoro,2
S05,2024-05-16,06:15,Ana López,Zenaida asiatica,Granívoro,2
S05,2024-07-20,07:15,Ana López,Aulacorhynchus prasinus,Frugívoro,2
S05,2024-07-20,07:15,Ana López,Basileuterus rufifrons,Insectívoro,1
S05,2024-07-20,07:15,Ana López,Cathartes aura,Carroñero,2
S05,2024-07-20,07:15,Ana López,Catharus aurantiirostris,Insectívoro,5
S05,2024-07-20,07:15,Ana López,Columbina inca,Granívoro,3
S05,2024-07-20,07:15,Ana López,Cynanthus latirostris,Nectarívoro,1
S05,2024-07-20,07:15,Ana López,Henicorhina leucophrys,Insectívoro,3
S05,2024-07-20,07:15,Ana López,Hylocharis leucotis,Nectarívoro,2
S05,2024-07-20,07:15,Ana López,Melanerpes aurifrons,Omnívoro,4
S05,2024-07-20,07:15,Ana López,Momotus lessonii,Omnívoro,1
S05,2024-07-20,07:15,Ana López,Myadestes occidentalis,Frugívoro,3
S05,2024-07-20,07:15,Ana López,Pitangus sulphuratus,Insectívoro,4
S05,2024-07-20,07:15,Ana López,Psaltriparus minimus,Insectívoro,9
S05,2024-07-20,07:15,Ana López,Quiscalus mexicanus,Omnívoro,6
S05,2024-07-20,07:15,Ana López,Sporophila torqueola,Granívoro,3
S05,2024-07-20,07:15,Ana López,Sturnella magna,Insectívoro,2
S05,2024-07-20,07:15,Ana López,Trogon mexicanus,Frugívoro,3
S05,2024-07-20,07:15,Ana López,Turdus grayi,Omnívoro,7
S05,2024-07-20,07:15,Ana López,Tyrannus melancholicus,Insectívoro,2
S05,2024-07-20,07:15,Ana López,Zenaida asiatica,Granívoro,1
S05,2024-09-23,06:30,Carlos Ruiz,Aulacorhynchus prasinus,Frugívoro,3
S05,2024-09-23,06:30,Carlos Ruiz,Basileuterus rufifrons,Insectívoro,2
S05,2024-09-23,06:30,Carlos Ruiz,Cathartes aura,Carroñero,3
S05,2024-09-23,06:30,Carlos Ruiz,Catharus aurantiirostris,Insectívoro,4
S05,2024-09-23,06:30,Carlos Ruiz,Columbina inca,Granívoro,4
S05,2024-09-23,06:30,Carlos Ruiz,Cynanthus latirostris,Nectarívoro,6
S05,2024-09-23,06:30,Carlos Ruiz,Henicorhina leucophrys,Insectívoro,5
S05,2024-09-23,06:30,Carlos Ruiz,Hylocharis leucotis,Nectarívoro,3
S05,2024-09-23,06:30,Carlos Ruiz,Melanerpes aurifrons,Omnívoro,NA
S05,2024-09-23,06:30,Carlos Ruiz,Passer domesticus,Granívoro,4
S05,2024-09-23,06:30,Carlos Ruiz,Pitangus sulphuratus,Insectívoro,1
S05,2024-09-23,06:30,Carlos Ruiz,Psaltriparus minimus,Insectívoro,10
S05,2024-09-23,06:30,Carlos Ruiz,Quiscalus mexicanus,Omnívoro,2
S05,2024-09-23,06:30,Carlos Ruiz,Sporophila torqueola,Granívoro,5
S05,2024-09-23,06:30,Carlos Ruiz,Trogon mexicanus,Frugívoro,3
S05,2024-09-23,06:30,Carlos Ruiz,Turdus grayi,Omnívoro,3
S05,2024-09-23,06:30,Carlos Ruiz,Tyrannus melancholicus,Insectívoro,2
S05,2024-09-23,06:30,Carlos Ruiz,Zenaida asiatica,Granívoro,2
S05,2024-11-19,06:45,Carlos Ruiz,Basileuterus rufifrons,Insectívoro,4
S05,2024-11-19,06:45,Carlos Ruiz,Cathartes aura,Carroñero,1
S05,2024-11-19,06:45,Carlos Ruiz,Columbina inca,Granívoro,2
S05,2024-11-19,06:45,Carlos Ruiz,Cynanthus latirostris,Nectarívoro,2
S05,2024-11-19,06:45,Carlos Ruiz,Henicorhina leucophrys,Insectívoro,3
S05,2024-11-19,06:45,Carlos Ruiz,Hylocharis leucotis,Nectarívoro,5
S05,2024-11-19,06:45,Carlos Ruiz,Melanerpes aurifrons,Omnívoro,3
S05,2024-11-19,06:45,Carlos Ruiz,Momotus lessonii,Omnívoro,1
S05,2024-11-19,06:45,Carlos Ruiz,Myadestes occidentalis,Frugívoro,3
S05,2024-11-19,06:45,Carlos Ruiz,Passer domesticus,Granívoro,1
S05,2024-11-19,06:45,Carlos Ruiz,Pitangus sulphuratus,Insectívoro,5
S05,2024-11-19,06:45,Carlos Ruiz,Psaltriparus minimus,Insectívoro,4
S05,2024-11-19,06:45,Carlos Ruiz,Quiscalus mexicanus,Omnívoro,2
S05,2024-11-19,06:45,Carlos Ruiz,Setophaga coronata,Insectívoro,5
S05,2024-11-19,06:45,Carlos Ruiz,Sporophila torqueola,Granívoro,1
S05,2024-11-19,06:45,Carlos Ruiz,Sturnella magna,Insectívoro,1
S05,2024-11-19,06:45,Carlos Ruiz,Trogon mexicanus,Frugívoro,1
S05,2024-11-19,06:45,Carlos Ruiz,Turdus grayi,Omnívoro,3
S05,2024-11-19,06:45,Carlos Ruiz,Tyrannus melancholicus,Insectívoro,1
S05,2024-11-19,06:45,Carlos Ruiz,Zenaida asiatica,Granívoro,1
S06,2024-01-22,07:15,Marta Gómez,Basileuterus rufifrons,Insectívoro,1
S06,2024-01-22,07:15,Marta Gómez,Cathartes aura,Carroñero,2
S06,2024-01-22,07:15,Marta Gómez,Catharus aurantiirostris,Insectívoro,1
S06,2024-01-22,07:15,Marta Gómez,Columbina inca,Granívoro,1
S06,2024-01-22,07:15,Marta Gómez,Cynanthus latirostris,Nectarívoro,1
S06,2024-01-22,07:15,Marta Gómez,Henicorhina leucophrys,Insectívoro,3
S06,2024-01-22,07:15,Marta Gómez,Hylocharis leucotis,Nectarívoro,3
S06,2024-01-22,07:15,Marta Gómez,Melanerpes aurifrons,Omnívoro,7
S06,2024-01-22,07:15,Marta Gómez,Momotus lessonii,Omnívoro,1
S06,2024-01-22,07:15,Marta Gómez,Myadestes occidentalis,Frugívoro,1
S06,2024-01-22,07:15,Marta Gómez,Passer domesticus,Granívoro,5
S06,2024-01-22,07:15,Marta Gómez,Pitangus sulphuratus,Insectívoro,2
S06,2024-01-22,07:15,Marta Gómez,Psaltriparus minimus,Insectívoro,9
S06,2024-01-22,07:15,Marta Gómez,Quiscalus mexicanus,Omnívoro,4
S06,2024-01-22,07:15,Marta Gómez,Setophaga coronata,Insectívoro,7
S06,2024-01-22,07:15,Marta Gómez,Sporophila torqueola,Granívoro,2
S06,2024-01-22,07:15,Marta Gómez,Sturnella magna,Insectívoro,1
S06,2024-01-22,07:15,Marta Gómez,Trogon mexicanus,Frugívoro,1
S06,2024-01-22,07:15,Marta Gómez,Turdus grayi,Omnívoro,5
S06,2024-01-22,07:15,Marta Gómez,Tyrannus melancholicus,Insectívoro,2
S06,2024-03-14,08:00,Marta Gómez,Aulacorhynchus prasinus,Frugívoro,2
S06,2024-03-14,08:00,Marta Gómez,Basileuterus rufifrons,Insectívoro,4
S06,2024-03-14,08:00,Marta Gómez,Catharus aurantiirostris,Insectívoro,5
S06,2024-03-14,08:00,Marta Gómez,Columbina inca,Granívoro,2
S06,2024-03-14,08:00,Marta Gómez,Cynanthus latirostris,Nectarívoro,2
S06,2024-03-14,08:00,Marta Gómez,Henicorhina leucophrys,Insectívoro,2
S06,2024-03-14,08:00,Marta Gómez,Hylocharis leucotis,Nectarívoro,2
S06,2024-03-14,08:00,Marta Gómez,Melanerpes aurifrons,Omnívoro,4
S06,2024-03-14,08:00,Marta Gómez,Momotus lessonii,Omnívoro,2
S06,2024-03-14,08:00,Marta Gómez,Myadestes occidentalis,Frugívoro,2
S06,2024-03-14,08:00,Marta Gómez,Passer domesticus,Granívoro,2
S06,2024-03-14,08:00,Marta Gómez,Pitangus sulphuratus,Insectívoro,4
S06,2024-03-14,08:00,Marta Gómez,Psaltriparus minimus,Insectívoro,5
S06,2024-03-14,08:00,Marta Gómez,Quiscalus mexicanus,Omnívoro,4
S06,2024-03-14,08:00,Marta Gómez,Setophaga coronata,Insectívoro,3
S06,2024-03-14,08:00,Marta Gómez,Sporophila torqueola,Granívoro,1
S06,2024-03-14,08:00,Marta Gómez,Sturnella magna,Insectívoro,2
S06,2024-03-14,08:00,Marta Gómez,Trogon mexicanus,Frugívoro,2
S06,2024-03-14,08:00,Marta Gómez,Turdus grayi,Omnívoro,4
S06,2024-03-14,08:00,Marta Gómez,Tyrannus melancholicus,Insectívoro,1
S06,2024-03-14,08:00,Marta Gómez,Zenaida asiatica,Granívoro,2
S06,2024-05-22,08:45,Carlos Ruiz,Aulacorhynchus prasinus,Frugívoro,2
S06,2024-05-22,08:45,Carlos Ruiz,Basileuterus rufifrons,Insectívoro,3
S06,2024-05-22,08:45,Carlos Ruiz,Cathartes aura,Carroñero,1
S06,2024-05-22,08:45,Carlos Ruiz,Catharus aurantiirostris,Insectívoro,1
S06,2024-05-22,08:45,Carlos Ruiz,Columbina inca,Granívoro,2
S06,2024-05-22,08:45,Carlos Ruiz,Cynanthus latirostris,Nectarívoro,6
S06,2024-05-22,08:45,Carlos Ruiz,Henicorhina leucophrys,Insectívoro,3
S06,2024-05-22,08:45,Carlos Ruiz,Hylocharis leucotis,Nectarívoro,1
S06,2024-05-22,08:45,Carlos Ruiz,Melanerpes aurifrons,Omnívoro,2
S06,2024-05-22,08:45,Carlos Ruiz,Momotus lessonii,Omnívoro,2
S06,2024-05-22,08:45,Carlos Ruiz,Myadestes occidentalis,Frugívoro,3
S06,2024-05-22,08:45,Carlos Ruiz,Passer domesticus,Granívoro,4
S06,2024-05-22,08:45,Carlos Ruiz,Pitangus sulphuratus,Insectívoro,3
S06,2024-05-22,08:45,Carlos Ruiz,Psaltriparus minimus,Insectívoro,7
S06,2024-05-22,08:45,Carlos Ruiz,Quiscalus mexicanus,Omnívoro,1
S06,2024-05-22,08:45,Carlos Ruiz,Sporophila torqueola,Granívoro,1
S06,2024-05-22,08:45,Carlos Ruiz,Sturnella magna,Insectívoro,2
S06,2024-05-22,08:45,Carlos Ruiz,Turdus grayi,Omnívoro,7
S06,2024-05-22,08:45,Carlos Ruiz,Tyrannus melancholicus,Insectívoro,1
S06,2024-07-18,06:15,Marta Gómez,Basileuterus rufifrons,Insectívoro,2
S06,2024-07-18,06:15,Marta Gómez,Cathartes aura,Carroñero,1
S06,2024-07-18,06:15,Marta Gómez,Catharus aurantiirostris,Insectívoro,3
S06,2024-07-18,06:15,Marta Gómez,Columbina inca,Granívoro,2
S06,2024-07-18,06:15,Marta Gómez,Cynanthus latirostris,Nectarívoro,2
S06,2024-07-18,06:15,Marta Gómez,Henicorhina leucophrys,Insectívoro,4
S06,2024-07-18,06:15,Marta Gómez,Hylocharis leucotis,Nectarívoro,2
S06,2024-07-18,06:15,Marta Gómez,Melanerpes aurifrons,Omnívoro,6
S06,2024-07-18,06:15,Marta Gómez,Myadestes occidentalis,Frugívoro,5
S06,2024-07-18,06:15,Marta Gómez,Passer domesticus,Granívoro,2
S06,2024-07-18,06:15,Marta Gómez,Pitangus sulphuratus,Insectívoro,5
S06,2024-07-18,06:15,Marta Gómez,Psaltriparus minimus,Insectívoro,6
S06,2024-07-18,06:15,Marta Gómez,Quiscalus mexicanus,Omnívoro,4
S06,2024-07-18,06:15,Marta Gómez,Sporophila torqueola,Granívoro,2
S06,2024-07-18,06:15,Marta Gómez,Sturnella magna,Insectívoro,1
S06,2024-07-18,06:15,Marta Gómez,Trogon mexicanus,Frugívoro,3
S06,2024-07-18,06:15,Marta Gómez,Turdus grayi,Omnívoro,6
S06,2024-07-18,06:15,Marta Gómez,Zenaida asiatica,Granívoro,2
S06,2024-09-19,06:45,Marta Gómez,Aulacorhynchus prasinus,Frugívoro,1
S06,2024-09-19,06:45,Marta Gómez,Basileuterus rufifrons,Insectívoro,2
S06,2024-09-19,06:45,Marta Gómez,Cathartes aura,Carroñero,4
S06,2024-09-19,06:45,Marta Gómez,Catharus aurantiirostris,Insectívoro,1
S06,2024-09-19,06:45,Marta Gómez,Columbina inca,Granívoro,5
S06,2024-09-19,06:45,Marta Gómez,Cynanthus latirostris,Nectarívoro,7
S06,2024-09-19,06:45,Marta Gómez,Henicorhina leucophrys,Insectívoro,6
S06,2024-09-19,06:45,Marta Gómez,Hylocharis leucotis,Nectarívoro,2
S06,2024-09-19,06:45,Marta Gómez,Melanerpes aurifrons,Omnívoro,7
S06,2024-09-19,06:45,Marta Gómez,Momotus lessonii,Omnívoro,2
S06,2024-09-19,06:45,Marta Gómez,Myadestes occidentalis,Frugívoro,2
S06,2024-09-19,06:45,Marta Gómez,Passer domesticus,Granívoro,3
S06,2024-09-19,06:45,Marta Gómez,Pitangus sulphuratus,Insectívoro,4
S06,2024-09-19,06:45,Marta Gómez,Psaltriparus minimus,Insectívoro,11
S06,2024-09-19,06:45,Marta Gómez,Quiscalus mexicanus,Omnívoro,2
S06,2024-09-19,06:45,Marta Gómez,Sporophila torqueola,Granívoro,1
S06,2024-09-19,06:45,Marta Gómez,Sturnella magna,Insectívoro,2
S06,2024-09-19,06:45,Marta Gómez,Turdus grayi,Omnívoro,2
S06,2024-09-19,06:45,Marta Gómez,Tyrannus melancholicus,Insectívoro,2
S06,2024-09-19,06:45,Marta Gómez,Zenaida asiatica,Granívoro,4
S06,2024-11-14,07:30,Carlos Ruiz,Basileuterus rufifrons,Insectívoro,1
S06,2024-11-14,07:30,Carlos Ruiz,Cathartes aura,Carroñero,1
S06,2024-11-14,07:30,Carlos Ruiz,Catharus aurantiirostris,Insectívoro,1
S06,2024-11-14,07:30,Carlos Ruiz,Columbina inca,Granívoro,4
S06,2024-11-14,07:30,Carlos Ruiz,Cynanthus latirostris,Nectarívoro,4
S06,2024-11-14,07:30,Carlos Ruiz,Henicorhina leucophrys,Insectívoro,1
S06,2024-11-14,07:30,Carlos Ruiz,Hylocharis leucotis,Nectarívoro,3
S06,2024-11-14,07:30,Carlos Ruiz,Melanerpes aurifrons,Omnívoro,3
S06,2024-11-14,07:30,Carlos Ruiz,Momotus lessonii,Omnívoro,2
S06,2024-11-14,07:30,Carlos Ruiz,Myadestes occidentalis,Frugívoro,4
S06,2024-11-14,07:30,Carlos Ruiz,Passer domesticus,Granívoro,1
S06,2024-11-14,07:30,Carlos Ruiz,Pitangus sulphuratus,Insectívoro,7
S06,2024-11-14,07:30,Carlos Ruiz,Psaltriparus minimus,Insectívoro,11
S06,2024-11-14,07:30,Carlos Ruiz,Quiscalus mexicanus,Omnívoro,1
S06,2024-11-14,07:30,Carlos Ruiz,Setophaga coronata,Insectívoro,4
S06,2024-11-14,07:30,Carlos Ruiz,Sporophila torqueola,Granívoro,1
S06,2024-11-14,07:30,Carlos Ruiz,Sturnella magna,Insectívoro,2
S06,2024-11-14,07:30,Carlos Ruiz,Trogon mexicanus,Frugívoro,2
S06,2024-11-14,07:30,Carlos Ruiz,Turdus grayi,Omnívoro,2
S07,2024-01-22,08:30,Carlos Ruiz,Aulacorhynchus prasinus,Frugívoro,1
S07,2024-01-22,08:30,Carlos Ruiz,Basileuterus rufifrons,Insectívoro,3
S07,2024-01-22,08:30,Carlos Ruiz,Cathartes aura,Carroñero,1
S07,2024-01-22,08:30,Carlos Ruiz,Cynanthus latirostris,Nectarívoro,3
S07,2024-01-22,08:30,Carlos Ruiz,Henicorhina leucophrys,Insectívoro,3
S07,2024-01-22,08:30,Carlos Ruiz,Hylocharis leucotis,Nectarívoro,5
S07,2024-01-22,08:30,Carlos Ruiz,Melanerpes aurifrons,Omnívoro,6
S07,2024-01-22,08:30,Carlos Ruiz,Momotus lessonii,Omnívoro,1
S07,2024-01-22,08:30,Carlos Ruiz,Myadestes occidentalis,Frugívoro,2
S07,2024-01-22,08:30,Carlos Ruiz,Passer domesticus,Granívoro,2
S07,2024-01-22,08:30,Carlos Ruiz,Pitangus sulphuratus,Insectívoro,5
S07,2024-01-22,08:30,Carlos Ruiz,Psaltriparus minimus,Insectívoro,7
S07,2024-01-22,08:30,Carlos Ruiz,Quiscalus mexicanus,Omnívoro,2
S07,2024-01-22,08:30,Carlos Ruiz,Setophaga coronata,Insectívoro,3
S07,2024-01-22,08:30,Carlos Ruiz,Sporophila torqueola,Granívoro,2
S07,2024-01-22,08:30,Carlos Ruiz,Sturnella magna,Insectívoro,3
S07,2024-01-22,08:30,Carlos Ruiz,Trogon mexicanus,Frugívoro,3
S07,2024-01-22,08:30,Carlos Ruiz,Turdus grayi,Omnívoro,5
S07,2024-01-22,08:30,Carlos Ruiz,Tyrannus melancholicus,Insectívoro,1
S07,2024-01-22,08:30,Carlos Ruiz,Zenaida asiatica,Granívoro,2
S07,2024-03-20,08:00,Ana López,Aulacorhynchus prasinus,Frugívoro,2
S07,2024-03-20,08:00,Ana López,Basileuterus rufifrons,Insectívoro,3
S07,2024-03-20,08:00,Ana López,Cathartes aura,Carroñero,1
S07,2024-03-20,08:00,Ana López,Catharus aurantiirostris,Insectívoro,1
S07,2024-03-20,08:00,Ana López,Columbina inca,Granívoro,2
S07,2024-03-20,08:00,Ana López,Cynanthus latirostris,Nectarívoro,2
S07,2024-03-20,08:00,Ana López,Henicorhina leucophrys,Insectívoro,2
S07,2024-03-20,08:00,Ana López,Hylocharis leucotis,Nectarívoro,1
S07,2024-03-20,08:00,Ana López,Momotus lessonii,Omnívoro,1
S07,2024-03-20,08:00,Ana López,Passer domesticus,Granívoro,4
S07,2024-03-20,08:00,Ana López,Pitangus sulphuratus,Insectívoro,1
S07,2024-03-20,08:00,Ana López,Psaltriparus minimus,Insectívoro,9
S07,2024-03-20,08:00,Ana López,Quiscalus mexicanus,Omnívoro,4
S07,2024-03-20,08:00,Ana López,Setophaga coronata,Insectívoro,5
S07,2024-03-20,08:00,Ana López,Sporophila torqueola,Granívoro,2
S07,2024-03-20,08:00,Ana López,Trogon mexicanus,Frugívoro,1
S07,2024-03-20,08:00,Ana López,Turdus grayi,Omnívoro,2
S07,2024-03-20,08:00,Ana López,Zenaida asiatica,Granívoro,4
S07,2024-05-19,07:45,Ana López,Aulacorhynchus prasinus,Frugívoro,1
S07,2024-05-19,07:45,Ana López,Catharus aurantiirostris,Insectívoro,2
S07,2024-05-19,07:45,Ana López,Columbina inca,Granívoro,1
S07,2024-05-19,07:45,Ana López,Cynanthus latirostris,Nectarívoro,1
S07,2024-05-19,07:45,Ana López,Hylocharis leucotis,Nectarívoro,5
S07,2024-05-19,07:45,Ana López,Melanerpes aurifrons,Omnívoro,4
S07,2024-05-19,07:45,Ana López,Momotus lessonii,Omnívoro,1
S07,2024-05-19,07:45,Ana López,Myadestes occidentalis,Frugívoro,2
S07,2024-05-19,07:45,Ana López,Passer domesticus,Granívoro,3
S07,2024-05-19,07:45,Ana López,Pitangus sulphuratus,Insectívoro,5
S07,2024-05-19,07:45,Ana López,Psaltriparus minimus,Insectívoro,6
S07,2024-05-19,07:45,Ana López,Quiscalus mexicanus,Omnívoro,4
S07,2024-05-19,07:45,Ana López,Sporophila torqueola,Granívoro,1
S07,2024-05-19,07:45,Ana López,Sturnella magna,Insectívoro,2
S07,2024-05-19,07:45,Ana López,Trogon mexicanus,Frugívoro,3
S07,2024-05-19,07:45,Ana López,Turdus grayi,Omnívoro,2
S07,2024-05-19,07:45,Ana López,Tyrannus melancholicus,Insectívoro,2
S07,2024-05-19,07:45,Ana López,Zenaida asiatica,Granívoro,2
S07,2024-07-19,06:45,Marta Gómez,Aulacorhynchus prasinus,Frugívoro,3
S07,2024-07-19,06:45,Marta Gómez,Basileuterus rufifrons,Insectívoro,6
S07,2024-07-19,06:45,Marta Gómez,Cathartes aura,Carroñero,2
S07,2024-07-19,06:45,Marta Gómez,Catharus aurantiirostris,Insectívoro,1
S07,2024-07-19,06:45,Marta Gómez,Columbina inca,Granívoro,3
S07,2024-07-19,06:45,Marta Gómez,Cynanthus latirostris,Nectarívoro,1
S07,2024-07-19,06:45,Marta Gómez,Henicorhina leucophrys,Insectívoro,7
S07,2024-07-19,06:45,Marta Gómez,Hylocharis leucotis,Nectarívoro,2
S07,2024-07-19,06:45,Marta Gómez,Melanerpes aurifrons,Omnívoro,5
S07,2024-07-19,06:45,Marta Gómez,Momotus lessonii,Omnívoro,4
S07,2024-07-19,06:45,Marta Gómez,Myadestes occidentalis,Frugívoro,5
S07,2024-07-19,06:45,Marta Gómez,Pitangus sulphuratus,Insectívoro,7
S07,2024-07-19,06:45,Marta Gómez,Psaltriparus minimus,Insectívoro,7
S07,2024-07-19,06:45,Marta Gómez,Quiscalus mexicanus,Omnívoro,2
S07,2024-07-19,06:45,Marta Gómez,Sporophila torqueola,Granívoro,2
S07,2024-07-19,06:45,Marta Gómez,Sturnella magna,Insectívoro,4
S07,2024-07-19,06:45,Marta Gómez,Turdus grayi,Omnívoro,6
S07,2024-07-19,06:45,Marta Gómez,Zenaida asiatica,Granívoro,4
S07,2024-09-22,07:00,Carlos Ruiz,Aulacorhynchus prasinus,Frugívoro,3
S07,2024-09-22,07:00,Carlos Ruiz,Basileuterus rufifrons,Insectívoro,4
S07,2024-09-22,07:00,Carlos Ruiz,Cathartes aura,Carroñero,2
S07,2024-09-22,07:00,Carlos Ruiz,Catharus aurantiirostris,Insectívoro,3
S07,2024-09-22,07:00,Carlos Ruiz,Columbina inca,Granívoro,1
S07,2024-09-22,07:00,Carlos Ruiz,Cynanthus latirostris,Nectarívoro,4
S07,2024-09-22,07:00,Carlos Ruiz,Henicorhina leucophrys,Insectívoro,4
S07,2024-09-22,07:00,Carlos Ruiz,Hylocharis leucotis,Nectarívoro,3
S07,2024-09-22,07:00,Carlos Ruiz,Melanerpes aurifrons,Omnívoro,8
S07,2024-09-22,07:00,Carlos Ruiz,Myadestes occidentalis,Frugívoro,4
S07,2024-09-22,07:00,Carlos Ruiz,Passer domesticus,Granívoro,1
S07,2024-09-22,07:00,Carlos Ruiz,Pitangus sulphuratus,Insectívoro,3
S07,2024-09-22,07:00,Carlos Ruiz,Psaltriparus minimus,Insectívoro,13
S07,2024-09-22,07:00,Carlos Ruiz,Quiscalus mexicanus,Omnívoro,5
S07,2024-09-22,07:00,Carlos Ruiz,Sporophila torqueola,Granívoro,1
S07,2024-09-22,07:00,Carlos Ruiz,Sturnella magna,Insectívoro,2
S07,2024-09-22,07:00,Carlos Ruiz,Trogon mexicanus,Frugívoro,3
S07,2024-09-22,07:00,Carlos Ruiz,Turdus grayi,Omnívoro,8
S07,2024-09-22,07:00,Carlos Ruiz,Tyrannus melancholicus,Insectívoro,2
S07,2024-09-22,07:00,Carlos Ruiz,Zenaida asiatica,Granívoro,1
S07,2024-11-17,06:15,Ana López,Basileuterus rufifrons,Insectívoro,2
S07,2024-11-17,06:15,Ana López,Catharus aurantiirostris,Insectívoro,1
S07,2024-11-17,06:15,Ana López,Columbina inca,Granívoro,3
S07,2024-11-17,06:15,Ana López,Henicorhina leucophrys,Insectívoro,2
S07,2024-11-17,06:15,Ana López,Hylocharis leucotis,Nectarívoro,4
S07,2024-11-17,06:15,Ana López,Melanerpes aurifrons,Omnívoro,3
S07,2024-11-17,06:15,Ana López,Myadestes occidentalis,Frugívoro,2
S07,2024-11-17,06:15,Ana López,Passer domesticus,Granívoro,2
S07,2024-11-17,06:15,Ana López,Pitangus sulphuratus,Insectívoro,3
S07,2024-11-17,06:15,Ana López,Psaltriparus minimus,Insectívoro,5
S07,2024-11-17,06:15,Ana López,Quiscalus mexicanus,Omnívoro,4
S07,2024-11-17,06:15,Ana López,Setophaga coronata,Insectívoro,8
S07,2024-11-17,06:15,Ana López,Sporophila torqueola,Granívoro,2
S07,2024-11-17,06:15,Ana López,Sturnella magna,Insectívoro,1
S07,2024-11-17,06:15,Ana López,Trogon mexicanus,Frugívoro,1
S07,2024-11-17,06:15,Ana López,Turdus grayi,Omnívoro,6
S07,2024-11-17,06:15,Ana López,Tyrannus melancholicus,Insectívoro,3
S07,2024-11-17,06:15,Ana López,Zenaida asiatica,Granívoro,3
S08,2024-01-22,07:00,Marta Gómez,Aulacorhynchus prasinus,Frugívoro,3
S08,2024-01-22,07:00,Marta Gómez,Cathartes aura,Carroñero,2
S08,2024-01-22,07:00,Marta Gómez,Catharus aurantiirostris,Insectívoro,1
S08,2024-01-22,07:00,Marta Gómez,Columbina inca,Granívoro,5
S08,2024-01-22,07:00,Marta Gómez,Cynanthus latirostris,Nectarívoro,4
S08,2024-01-22,07:00,Marta Gómez,Henicorhina leucophrys,Insectívoro,2
S08,2024-01-22,07:00,Marta Gómez,Hylocharis leucotis,Nectarívoro,2
S08,2024-01-22,07:00,Marta Gómez,Melanerpes aurifrons,Omnívoro,6
S08,2024-01-22,07:00,Marta Gómez,Momotus lessonii,Omnívoro,1
S08,2024-01-22,07:00,Marta Gómez,Myadestes occidentalis,Frugívoro,2
S08,2024-01-22,07:00,Marta Gómez,Passer domesticus,Granívoro,3
S08,2024-01-22,07:00,Marta Gómez,Pitangus sulphuratus,Insectívoro,1
S08,2024-01-22,07:00,Marta Gómez,Psaltriparus minimus,Insectívoro,3
S08,2024-01-22,07:00,Marta Gómez,Quiscalus mexicanus,Omnívoro,2
S08,2024-01-22,07:00,Marta Gómez,Setophaga coronata,Insectívoro,4
S08,2024-01-22,07:00,Marta Gómez,Sporophila torqueola,Granívoro,2
S08,2024-01-22,07:00,Marta Gómez,Trogon mexicanus,Frugívoro,1
S08,2024-01-22,07:00,Marta Gómez,Turdus grayi,Omnívoro,4
S08,2024-01-22,07:00,Marta Gómez,Zenaida asiatica,Granívoro,2
S08,2024-03-20,06:15,Carlos Ruiz,Basileuterus rufifrons,Insectívoro,NA
S08,2024-03-20,06:15,Carlos Ruiz,Cathartes aura,Carroñero,1
S08,2024-03-20,06:15,Carlos Ruiz,Catharus aurantiirostris,Insectívoro,1
S08,2024-03-20,06:15,Carlos Ruiz,Columbina inca,Granívoro,2
S08,2024-03-20,06:15,Carlos Ruiz,Cynanthus latirostris,Nectarívoro,2
S08,2024-03-20,06:15,Carlos Ruiz,Henicorhina leucophrys,Insectívoro,3
S08,2024-03-20,06:15,Carlos Ruiz,Hylocharis leucotis,Nectarívoro,2
S08,2024-03-20,06:15,Carlos Ruiz,Melanerpes aurifrons,Omnívoro,1
S08,2024-03-20,06:15,Carlos Ruiz,Momotus lessonii,Omnívoro,1
S08,2024-03-20,06:15,Carlos Ruiz,Myadestes occidentalis,Frugívoro,7
S08,2024-03-20,06:15,Carlos Ruiz,Passer domesticus,Granívoro,1
S08,2024-03-20,06:15,Carlos Ruiz,Pitangus sulphuratus,Insectívoro,1
S08,2024-03-20,06:15,Carlos Ruiz,Psaltriparus minimus,Insectívoro,5
S08,2024-03-20,06:15,Carlos Ruiz,Quiscalus mexicanus,Omnívoro,2
S08,2024-03-20,06:15,Carlos Ruiz,Setophaga coronata,Insectívoro,4
S08,2024-03-20,06:15,Carlos Ruiz,Sporophila torqueola,Granívoro,3
S08,2024-03-20,06:15,Carlos Ruiz,Sturnella magna,Insectívoro,1
S08,2024-03-20,06:15,Carlos Ruiz,Trogon mexicanus,Frugívoro,3
S08,2024-03-20,06:15,Carlos Ruiz,Turdus grayi,Omnívoro,7
S08,2024-03-20,06:15,Carlos Ruiz,Zenaida asiatica,Granívoro,1
S08,2024-05-17,08:00,Marta Gómez,Aulacorhynchus prasinus,Frugívoro,2
S08,2024-05-17,08:00,Marta Gómez,Basileuterus rufifrons,Insectívoro,2
S08,2024-05-17,08:00,Marta Gómez,Catharus aurantiirostris,Insectívoro,1
S08,2024-05-17,08:00,Marta Gómez,Columbina inca,Granívoro,4
S08,2024-05-17,08:00,Marta Gómez,Cynanthus latirostris,Nectarívoro,2
S08,2024-05-17,08:00,Marta Gómez,Henicorhina leucophrys,Insectívoro,4
S08,2024-05-17,08:00,Marta Gómez,Melanerpes aurifrons,Omnívoro,2
S08,2024-05-17,08:00,Marta Gómez,Momotus lessonii,Omnívoro,1
S08,2024-05-17,08:00,Marta Gómez,Myadestes occidentalis,Frugívoro,2
S08,2024-05-17,08:00,Marta Gómez,Pitangus sulphuratus,Insectívoro,1
S08,2024-05-17,08:00,Marta Gómez,Psaltriparus minimus,Insectívoro,7
S08,2024-05-17,08:00,Marta Gómez,Quiscalus mexicanus,Omnívoro,1
S08,2024-05-17,08:00,Marta Gómez,Sporophila torqueola,Granívoro,3
S08,2024-05-17,08:00,Marta Gómez,Sturnella magna,Insectívoro,2
S08,2024-05-17,08:00,Marta Gómez,Turdus grayi,Omnívoro,3
S08,2024-05-17,08:00,Marta Gómez,Tyrannus melancholicus,Insectívoro,2
S08,2024-05-17,08:00,Marta Gómez,Zenaida asiatica,Granívoro,3
S08,2024-07-20,06:00,Carlos Ruiz,Aulacorhynchus prasinus,Frugívoro,2
S08,2024-07-20,06:00,Carlos Ruiz,Basileuterus rufifrons,Insectívoro,3
S08,2024-07-20,06:00,Carlos Ruiz,Cathartes aura,Carroñero,2
S08,2024-07-20,06:00,Carlos Ruiz,Catharus aurantiirostris,Insectívoro,1
S08,2024-07-20,06:00,Carlos Ruiz,Columbina inca,Granívoro,NA
S08,2024-07-20,06:00,Carlos Ruiz,Cynanthus latirostris,Nectarívoro,6
S08,2024-07-20,06:00,Carlos Ruiz,Henicorhina leucophrys,Insectívoro,7
S08,2024-07-20,06:00,Carlos Ruiz,Hylocharis leucotis,Nectarívoro,2
S08,2024-07-20,06:00,Carlos Ruiz,Melanerpes aurifrons,Omnívoro,6
S08,2024-07-20,06:00,Carlos Ruiz,Momotus lessonii,Omnívoro,1
S08,2024-07-20,06:00,Carlos Ruiz,Myadestes occidentalis,Frugívoro,5
S08,2024-07-20,06:00,Carlos Ruiz,Passer domesticus,Granívoro,2
S08,2024-07-20,06:00,Carlos Ruiz,Pitangus sulphuratus,Insectívoro,7
S08,2024-07-20,06:00,Carlos Ruiz,Psaltriparus minimus,Insectívoro,10
S08,2024-07-20,06:00,Carlos Ruiz,Quiscalus mexicanus,Omnívoro,7
S08,2024-07-20,06:00,Carlos Ruiz,Sporophila torqueola,Granívoro,1
S08,2024-07-20,06:00,Carlos Ruiz,Sturnella magna,Insectívoro,4
S08,2024-07-20,06:00,Carlos Ruiz,Trogon mexicanus,Frugívoro,1
S08,2024-07-20,06:00,Carlos Ruiz,Turdus grayi,Omnívoro,6
S08,2024-07-20,06:00,Carlos Ruiz,Tyrannus melancholicus,Insectívoro,4
S08,2024-07-20,06:00,Carlos Ruiz,Zenaida asiatica,Granívoro,4
S08,2024-09-21,08:30,Marta Gómez,Aulacorhynchus prasinus,Frugívoro,2
S08,2024-09-21,08:30,Marta Gómez,Basileuterus rufifrons,Insectívoro,5
S08,2024-09-21,08:30,Marta Gómez,Cathartes aura,Carroñero,2
S08,2024-09-21,08:30,Marta Gómez,Catharus aurantiirostris,Insectívoro,2
S08,2024-09-21,08:30,Marta Gómez,Columbina inca,Granívoro,4
S08,2024-09-21,08:30,Marta Gómez,Cynanthus latirostris,Nectarívoro,4
S08,2024-09-21,08:30,Marta Gómez,Henicorhina leucophrys,Insectívoro,3
S08,2024-09-21,08:30,Marta Gómez,Hylocharis leucotis,Nectarívoro,2
S08,2024-09-21,08:30,Marta Gómez,Melanerpes aurifrons,Omnívoro,4
S08,2024-09-21,08:30,Marta Gómez,Momotus lessonii,Omnívoro,3
S08,2024-09-21,08:30,Marta Gómez,Myadestes occidentalis,Frugívoro,1
S08,2024-09-21,08:30,Marta Gómez,Passer domesticus,Granívoro,1
S08,2024-09-21,08:30,Marta Gómez,Pitangus sulphuratus,Insectívoro,4
S08,2024-09-21,08:30,Marta Gómez,Psaltriparus minimus,Insectívoro,8
S08,2024-09-21,08:30,Marta Gómez,Quiscalus mexicanus,Omnívoro,6
S08,2024-09-21,08:30,Marta Gómez,Sporophila torqueola,Granívoro,NA
S08,2024-09-21,08:30,Marta Gómez,Sturnella magna,Insectívoro,2
S08,2024-09-21,08:30,Marta Gómez,Trogon mexicanus,Frugívoro,1
S08,2024-09-21,08:30,Marta Gómez,Turdus grayi,Omnívoro,6
S08,2024-09-21,08:30,Marta Gómez,Tyrannus melancholicus,Insectívoro,1
S08,2024-09-21,08:30,Marta Gómez,Zenaida asiatica,Granívoro,1
S08,2024-11-16,08:15,Carlos Ruiz,Aulacorhynchus prasinus,Frugívoro,1
S08,2024-11-16,08:15,Carlos Ruiz,Basileuterus rufifrons,Insectívoro,1
S08,2024-11-16,08:15,Carlos Ruiz,Cathartes aura,Carroñero,2
S08,2024-11-16,08:15,Carlos Ruiz,Catharus aurantiirostris,Insectívoro,1
S08,2024-11-16,08:15,Carlos Ruiz,Columbina inca,Granívoro,2
S08,2024-11-16,08:15,Carlos Ruiz,Cynanthus latirostris,Nectarívoro,1
S08,2024-11-16,08:15,Carlos Ruiz,Henicorhina leucophrys,Insectívoro,4
S08,2024-11-16,08:15,Carlos Ruiz,Melanerpes aurifrons,Omnívoro,4
S08,2024-11-16,08:15,Carlos Ruiz,Momotus lessonii,Omnívoro,1
S08,2024-11-16,08:15,Carlos Ruiz,Myadestes occidentalis,Frugívoro,NA
S08,2024-11-16,08:15,Carlos Ruiz,Passer domesticus,Granívoro,1
S08,2024-11-16,08:15,Carlos Ruiz,Pitangus sulphuratus,Insectívoro,3
S08,2024-11-16,08:15,Carlos Ruiz,Psaltriparus minimus,Insectívoro,2
S08,2024-11-16,08:15,Carlos Ruiz,Quiscalus mexicanus,Omnívoro,2
S08,2024-11-16,08:15,Carlos Ruiz,Setophaga coronata,Insectívoro,6
S08,2024-11-16,08:15,Carlos Ruiz,Sporophila torqueola,Granívoro,1
S08,2024-11-16,08:15,Carlos Ruiz,Trogon mexicanus,Frugívoro,4
S08,2024-11-16,08:15,Carlos Ruiz,Turdus grayi,Omnívoro,5
S08,2024-11-16,08:15,Carlos Ruiz,Tyrannus melancholicus,Insectívoro,1
S08,2024-11-16,08:15,Carlos Ruiz,Zenaida asiatica,Granívoro,3
S09,2024-01-22,06:30,Marta Gómez,Cathartes aura,Carroñero,1
S09,2024-01-22,06:30,Marta Gómez,Columbina inca,Granívoro,10
S09,2024-01-22,06:30,Marta Gómez,Cynanthus latirostris,Nectarívoro,2
S09,2024-01-22,06:30,Marta Gómez,Melanerpes aurifrons,Omnívoro,1
S09,2024-01-22,06:30,Marta Gómez,Passer domesticus,Granívoro,5
S09,2024-01-22,06:30,Marta Gómez,Pitangus sulphuratus,Insectívoro,3
S09,2024-01-22,06:30,Marta Gómez,Psaltriparus minimus,Insectívoro,2
S09,2024-01-22,06:30,Marta Gómez,Quiscalus mexicanus,Omnívoro,10
S09,2024-01-22,06:30,Marta Gómez,Setophaga coronata,Insectívoro,3
S09,2024-01-22,06:30,Marta Gómez,Sporophila torqueola,Granívoro,3
S09,2024-01-22,06:30,Marta Gómez,Sturnella magna,Insectívoro,4
S09,2024-01-22,06:30,Marta Gómez,Tyrannus melancholicus,Insectívoro,5
S09,2024-01-22,06:30,Marta Gómez,Zenaida asiatica,Granívoro,4
S09,2024-03-19,07:00,Marta Gómez,Aulacorhynchus prasinus,Frugívoro,1
S09,2024-03-19,07:00,Marta Gómez,Basileuterus rufifrons,Insectívoro,2
S09,2024-03-19,07:00,Marta Gómez,Cathartes aura,Carroñero,2
S09,2024-03-19,07:00,Marta Gómez,Columbina inca,Granívoro,7
S09,2024-03-19,07:00,Marta Gómez,Cynanthus latirostris,Nectarívoro,1
S09,2024-03-19,07:00,Marta Gómez,Henicorhina leucophrys,Insectívoro,1
S09,2024-03-19,07:00,Marta Gómez,Passer domesticus,Granívoro,9
S09,2024-03-19,07:00,Marta Gómez,Pitangus sulphuratus,Insectívoro,3
S09,2024-03-19,07:00,Marta Gómez,Psaltriparus minimus,Insectívoro,4
S09,2024-03-19,07:00,Marta Gómez,Quiscalus mexicanus,Omnívoro,7
S09,2024-03-19,07:00,Marta Gómez,Setophaga coronata,Insectívoro,2
S09,2024-03-19,07:00,Marta Gómez,Sporophila torqueola,Granívoro,6
S09,2024-03-19,07:00,Marta Gómez,Sturnella magna,Insectívoro,6
S09,2024-03-19,07:00,Marta Gómez,Turdus grayi,Omnívoro,3
S09,2024-03-19,07:00,Marta Gómez,Tyrannus melancholicus,Insectívoro,1
S09,2024-03-19,07:00,Marta Gómez,Zenaida asiatica,Granívoro,5
S09,2024-05-17,08:45,Marta Gómez,Cathartes aura,Carroñero,2
S09,2024-05-17,08:45,Marta Gómez,Columbina inca,Granívoro,9
S09,2024-05-17,08:45,Marta Gómez,Melanerpes aurifrons,Omnívoro,3
S09,2024-05-17,08:45,Marta Gómez,Passer domesticus,Granívoro,3
S09,2024-05-17,08:45,Marta Gómez,Pitangus sulphuratus,Insectívoro,5
S09,2024-05-17,08:45,Marta Gómez,Psaltriparus minimus,Insectívoro,1
S09,2024-05-17,08:45,Marta Gómez,Quiscalus mexicanus,Omnívoro,7
S09,2024-05-17,08:45,Marta Gómez,Sporophila torqueola,Granívoro,9
S09,2024-05-17,08:45,Marta Gómez,Sturnella magna,Insectívoro,4
S09,2024-05-17,08:45,Marta Gómez,Turdus grayi,Omnívoro,7
S09,2024-05-17,08:45,Marta Gómez,Tyrannus melancholicus,Insectívoro,3
S09,2024-05-17,08:45,Marta Gómez,Zenaida asiatica,Granívoro,6
S09,2024-07-23,06:45,Marta Gómez,Cathartes aura,Carroñero,1
S09,2024-07-23,06:45,Marta Gómez,Columbina inca,Granívoro,10
S09,2024-07-23,06:45,Marta Gómez,Cynanthus latirostris,Nectarívoro,2
S09,2024-07-23,06:45,Marta Gómez,Melanerpes aurifrons,Omnívoro,4
S09,2024-07-23,06:45,Marta Gómez,Passer domesticus,Granívoro,7
S09,2024-07-23,06:45,Marta Gómez,Pitangus sulphuratus,Insectívoro,2
S09,2024-07-23,06:45,Marta Gómez,Psaltriparus minimus,Insectívoro,4
S09,2024-07-23,06:45,Marta Gómez,Quiscalus mexicanus,Omnívoro,16
S09,2024-07-23,06:45,Marta Gómez,Sporophila torqueola,Granívoro,15
S09,2024-07-23,06:45,Marta Gómez,Sturnella magna,Insectívoro,5
S09,2024-07-23,06:45,Marta Gómez,Turdus grayi,Omnívoro,5
S09,2024-07-23,06:45,Marta Gómez,Tyrannus melancholicus,Insectívoro,6
S09,2024-07-23,06:45,Marta Gómez,Zenaida asiatica,Granívoro,7
S09,2024-09-21,07:30,Ana López,Cathartes aura,Carroñero,1
S09,2024-09-21,07:30,Ana López,Columbina inca,Granívoro,8
S09,2024-09-21,07:30,Ana López,Cynanthus latirostris,Nectarívoro,1
S09,2024-09-21,07:30,Ana López,Melanerpes aurifrons,Omnívoro,1
S09,2024-09-21,07:30,Ana López,Myadestes occidentalis,Frugívoro,1
S09,2024-09-21,07:30,Ana López,Passer domesticus,Granívoro,6
S09,2024-09-21,07:30,Ana López,Pitangus sulphuratus,Insectívoro,NA
S09,2024-09-21,07:30,Ana López,Psaltriparus minimus,Insectívoro,6
S09,2024-09-21,07:30,Ana López,Quiscalus mexicanus,Omnívoro,15
S09,2024-09-21,07:30,Ana López,Sporophila torqueola,Granívoro,12
S09,2024-09-21,07:30,Ana López,Sturnella magna,Insectívoro,8
S09,2024-09-21,07:30,Ana López,Turdus grayi,Omnívoro,6
S09,2024-09-21,07:30,Ana López,Tyrannus melancholicus,Insectívoro,8
S09,2024-09-21,07:30,Ana López,Zenaida asiatica,Granívoro,12
S09,2024-11-15,07:15,Ana López,Catharus aurantiirostris,Insectívoro,1
S09,2024-11-15,07:15,Ana López,Columbina inca,Granívoro,8
S09,2024-11-15,07:15,Ana López,Melanerpes aurifrons,Omnívoro,3
S09,2024-11-15,07:15,Ana López,Passer domesticus,Granívoro,10
S09,2024-11-15,07:15,Ana López,Pitangus sulphuratus,Insectívoro,2
S09,2024-11-15,07:15,Ana López,Psaltriparus minimus,Insectívoro,2
S09,2024-11-15,07:15,Ana López,Quiscalus mexicanus,Omnívoro,13
S09,2024-11-15,07:15,Ana López,Setophaga coronata,Insectívoro,3
S09,2024-11-15,07:15,Ana López,Sporophila torqueola,Granívoro,7
S09,2024-11-15,07:15,Ana López,Sturnella magna,Insectívoro,4
S09,2024-11-15,07:15,Ana López,Turdus grayi,Omnívoro,1
S09,2024-11-15,07:15,Ana López,Tyrannus melancholicus,Insectívoro,2
S09,2024-11-15,07:15,Ana López,Zenaida asiatica,Granívoro,8
S10,2024-01-18,08:15,Marta Gómez,Cathartes aura,Carroñero,1
S10,2024-01-18,08:15,Marta Gómez,Columbina inca,Granívoro,11
S10,2024-01-18,08:15,Marta Gómez,Cynanthus latirostris,Nectarívoro,2
S10,2024-01-18,08:15,Marta Gómez,Passer domesticus,Granívoro,4
S10,2024-01-18,08:15,Marta Gómez,Pitangus sulphuratus,Insectívoro,1
S10,2024-01-18,08:15,Marta Gómez,Psaltriparus minimus,Insectívoro,4
S10,2024-01-18,08:15,Marta Gómez,Quiscalus mexicanus,Omnívoro,9
S10,2024-01-18,08:15,Marta Gómez,Setophaga coronata,Insectívoro,4
S10,2024-01-18,08:15,Marta Gómez,Sporophila torqueola,Granívoro,6
S10,2024-01-18,08:15,Marta Gómez,Sturnella magna,Insectívoro,3
S10,2024-01-18,08:15,Marta Gómez,Turdus grayi,Omnívoro,5
S10,2024-01-18,08:15,Marta Gómez,Tyrannus melancholicus,Insectívoro,2
S10,2024-01-18,08:15,Marta Gómez,Zenaida asiatica,Granívoro,10
S10,2024-03-18,07:00,Marta Gómez,Cathartes aura,Carroñero,3
S10,2024-03-18,07:00,Marta Gómez,Columbina inca,Granívoro,9
S10,2024-03-18,07:00,Marta Gómez,Cynanthus latirostris,Nectarívoro,2
S10,2024-03-18,07:00,Marta Gómez,Myadestes occidentalis,Frugívoro,1
S10,2024-03-18,07:00,Marta Gómez,Passer domesticus,Granívoro,5
S10,2024-03-18,07:00,Marta Gómez,Pitangus sulphuratus,Insectívoro,2
S10,2024-03-18,07:00,Marta Gómez,Psaltriparus minimus,Insectívoro,2
S10,2024-03-18,07:00,Marta Gómez,Quiscalus mexicanus,Omnívoro,13
S10,2024-03-18,07:00,Marta Gómez,Setophaga coronata,Insectívoro,1
S10,2024-03-18,07:00,Marta Gómez,Sporophila torqueola,Granívoro,5
S10,2024-03-18,07:00,Marta Gómez,Sturnella magna,Insectívoro,6
S10,2024-03-18,07:00,Marta Gómez,Turdus grayi,Omnívoro,2
S10,2024-03-18,07:00,Marta Gómez,Tyrannus melancholicus,Insectívoro,1
S10,2024-03-18,07:00,Marta Gómez,Zenaida asiatica,Granívoro,4
S10,2024-05-19,06:00,Ana López,Cathartes aura,Carroñero,1
S10,2024-05-19,06:00,Ana López,Columbina inca,Granívoro,10
S10,2024-05-19,06:00,Ana López,Cynanthus latirostris,Nectarívoro,1
S10,2024-05-19,06:00,Ana López,Melanerpes aurifrons,Omnívoro,2
S10,2024-05-19,06:00,Ana López,Myadestes occidentalis,Frugívoro,1
S10,2024-05-19,06:00,Ana López,Passer domesticus,Granívoro,6
S10,2024-05-19,06:00,Ana López,Pitangus sulphuratus,Insectívoro,3
S10,2024-05-19,06:00,Ana López,Quiscalus mexicanus,Omnívoro,8
S10,2024-05-19,06:00,Ana López,Sporophila torqueola,Granívoro,6
S10,2024-05-19,06:00,Ana López,Sturnella magna,Insectívoro,4
S10,2024-05-19,06:00,Ana López,Turdus grayi,Omnívoro,4
S10,2024-05-19,06:00,Ana López,Tyrannus melancholicus,Insectívoro,4
S10,2024-05-19,06:00,Ana López,Zenaida asiatica,Granívoro,9
S10,2024-07-24,08:15,Ana López,Cathartes aura,Carroñero,2
S10,2024-07-24,08:15,Ana López,Columbina inca,Granívoro,11
S10,2024-07-24,08:15,Ana López,Cynanthus latirostris,Nectarívoro,2
S10,2024-07-24,08:15,Ana López,Melanerpes aurifrons,Omnívoro,4
S10,2024-07-24,08:15,Ana López,Passer domesticus,Granívoro,8
S10,2024-07-24,08:15,Ana López,Pitangus sulphuratus,Insectívoro,4
S10,2024-07-24,08:15,Ana López,Psaltriparus minimus,Insectívoro,5
S10,2024-07-24,08:15,Ana López,Quiscalus mexicanus,Omnívoro,21
S10,2024-07-24,08:15,Ana López,Sporophila torqueola,Granívoro,16
S10,2024-07-24,08:15,Ana López,Sturnella magna,Insectívoro,7
S10,2024-07-24,08:15,Ana López,Turdus grayi,Omnívoro,6
S10,2024-07-24,08:15,Ana López,Tyrannus melancholicus,Insectívoro,4
S10,2024-07-24,08:15,Ana López,Zenaida asiatica,Granívoro,8
S10,2024-09-20,08:15,Marta Gómez,Basileuterus rufifrons,Insectívoro,1
S10,2024-09-20,08:15,Marta Gómez,Cathartes aura,Carroñero,4
S10,2024-09-20,08:15,Marta Gómez,Columbina inca,Granívoro,8
S10,2024-09-20,08:15,Marta Gómez,Cynanthus latirostris,Nectarívoro,2
S10,2024-09-20,08:15,Marta Gómez,Hylocharis leucotis,Nectarívoro,1
S10,2024-09-20,08:15,Marta Gómez,Melanerpes aurifrons,Omnívoro,4
S10,2024-09-20,08:15,Marta Gómez,Passer domesticus,Granívoro,11
S10,2024-09-20,08:15,Marta Gómez,Pitangus sulphuratus,Insectívoro,5
S10,2024-09-20,08:15,Marta Gómez,Psaltriparus minimus,Insectívoro,4
S10,2024-09-20,08:15,Marta Gómez,Quiscalus mexicanus,Omnívoro,17
S10,2024-09-20,08:15,Marta Gómez,Sporophila torqueola,Granívoro,6
S10,2024-09-20,08:15,Marta Gómez,Sturnella magna,Insectívoro,5
S10,2024-09-20,08:15,Marta Gómez,Turdus grayi,Omnívoro,5
S10,2024-09-20,08:15,Marta Gómez,Tyrannus melancholicus,Insectívoro,9
S10,2024-09-20,08:15,Marta Gómez,Zenaida asiatica,Granívoro,21
S10,2024-11-15,06:30,Ana López,Columbina inca,Granívoro,5
S10,2024-11-15,06:30,Ana López,Hylocharis leucotis,Nectarívoro,1
S10,2024-11-15,06:30,Ana López,Melanerpes aurifrons,Omnívoro,3
S10,2024-11-15,06:30,Ana López,Passer domesticus,Granívoro,6
S10,2024-11-15,06:30,Ana López,Pitangus sulphuratus,Insectívoro,4
S10,2024-11-15,06:30,Ana López,Psaltriparus minimus,Insectívoro,3
S10,2024-11-15,06:30,Ana López,Quiscalus mexicanus,Omnívoro,14
S10,2024-11-15,06:30,Ana López,Setophaga coronata,Insectívoro,6
S10,2024-11-15,06:30,Ana López,Sporophila torqueola,Granívoro,5
S10,2024-11-15,06:30,Ana López,Sturnella magna,Insectívoro,4
S10,2024-11-15,06:30,Ana López,Turdus grayi,Omnívoro,4
S10,2024-11-15,06:30,Ana López,Tyrannus melancholicus,Insectívoro,1
S10,2024-11-15,06:30,Ana López,Zenaida asiatica,Granívoro,7
S11,2024-01-24,06:30,Ana López,Cathartes aura,Carroñero,1
S11,2024-01-24,06:30,Ana López,Catharus aurantiirostris,Insectívoro,1
S11,2024-01-24,06:30,Ana López,Columbina inca,Granívoro,9
S11,2024-01-24,06:30,Ana López,Cynanthus latirostris,Nectarívoro,1
S11,2024-01-24,06:30,Ana López,Melanerpes aurifrons,Omnívoro,4
S11,2024-01-24,06:30,Ana López,Passer domesticus,Granívoro,5
S11,2024-01-24,06:30,Ana López,Pitangus sulphuratus,Insectívoro,2
S11,2024-01-24,06:30,Ana López,Psaltriparus minimus,Insectívoro,2
S11,2024-01-24,06:30,Ana López,Quiscalus mexicanus,Omnívoro,10
S11,2024-01-24,06:30,Ana López,Setophaga coronata,Insectívoro,4
S11,2024-01-24,06:30,Ana López,Sporophila torqueola,Granívoro,6
S11,2024-01-24,06:30,Ana López,Sturnella magna,Insectívoro,6
S11,2024-01-24,06:30,Ana López,Turdus grayi,Omnívoro,1
S11,2024-01-24,06:30,Ana López,Tyrannus melancholicus,Insectívoro,2
S11,2024-01-24,06:30,Ana López,Zenaida asiatica,Granívoro,5
S11,2024-03-16,06:15,Ana López,Cathartes aura,Carroñero,1
S11,2024-03-16,06:15,Ana López,Columbina inca,Granívoro,8
S11,2024-03-16,06:15,Ana López,Cynanthus latirostris,Nectarívoro,2
S11,2024-03-16,06:15,Ana López,Melanerpes aurifrons,Omnívoro,4
S11,2024-03-16,06:15,Ana López,Passer domesticus,Granívoro,2
S11,2024-03-16,06:15,Ana López,Pitangus sulphuratus,Insectívoro,1
S11,2024-03-16,06:15,Ana López,Psaltriparus minimus,Insectívoro,3
S11,2024-03-16,06:15,Ana López,Quiscalus mexicanus,Omnívoro,7
S11,2024-03-16,06:15,Ana López,Setophaga coronata,Insectívoro,5
S11,2024-03-16,06:15,Ana López,Sporophila torqueola,Granívoro,5
S11,2024-03-16,06:15,Ana López,Sturnella magna,Insectívoro,2
S11,2024-03-16,06:15,Ana López,Turdus grayi,Omnívoro,5
S11,2024-03-16,06:15,Ana López,Tyrannus melancholicus,Insectívoro,4
S11,2024-03-16,06:15,Ana López,Zenaida asiatica,Granívoro,7
S11,2024-05-20,08:30,Ana López,Columbina inca,Granívoro,8
S11,2024-05-20,08:30,Ana López,Cynanthus latirostris,Nectarívoro,1
S11,2024-05-20,08:30,Ana López,Passer domesticus,Granívoro,11
S11,2024-05-20,08:30,Ana López,Pitangus sulphuratus,Insectívoro,1
S11,2024-05-20,08:30,Ana López,Psaltriparus minimus,Insectívoro,6
S11,2024-05-20,08:30,Ana López,Quiscalus mexicanus,Omnívoro,14
S11,2024-05-20,08:30,Ana López,Sporophila torqueola,Granívoro,7
S11,2024-05-20,08:30,Ana López,Sturnella magna,Insectívoro,3
S11,2024-05-20,08:30,Ana López,Turdus grayi,Omnívoro,4
S11,2024-05-20,08:30,Ana López,Tyrannus melancholicus,Insectívoro,1
S11,2024-05-20,08:30,Ana López,Zenaida asiatica,Granívoro,13
S11,2024-07-23,07:45,Ana López,Cathartes aura,Carroñero,2
S11,2024-07-23,07:45,Ana López,Columbina inca,Granívoro,10
S11,2024-07-23,07:45,Ana López,Cynanthus latirostris,Nectarívoro,5
S11,2024-07-23,07:45,Ana López,Henicorhina leucophrys,Insectívoro,NA
S11,2024-07-23,07:45,Ana López,Melanerpes aurifrons,Omnívoro,7
S11,2024-07-23,07:45,Ana López,Passer domesticus,Granívoro,8
S11,2024-07-23,07:45,Ana López,Pitangus sulphuratus,Insectívoro,7
S11,2024-07-23,07:45,Ana López,Psaltriparus minimus,Insectívoro,3
S11,2024-07-23,07:45,Ana López,Quiscalus mexicanus,Omnívoro,25
S11,2024-07-23,07:45,Ana López,Sporophila torqueola,Granívoro,8
S11,2024-07-23,07:45,Ana López,Sturnella magna,Insectívoro,2
S11,2024-07-23,07:45,Ana López,Turdus grayi,Omnívoro,5
S11,2024-07-23,07:45,Ana López,Tyrannus melancholicus,Insectívoro,3
S11,2024-07-23,07:45,Ana López,Zenaida asiatica,Granívoro,7
S11,2024-09-22,08:15,Marta Gómez,Cathartes aura,Carroñero,1
S11,2024-09-22,08:15,Marta Gómez,Columbina inca,Granívoro,12
S11,2024-09-22,08:15,Marta Gómez,Melanerpes aurifrons,Omnívoro,2
S11,2024-09-22,08:15,Marta Gómez,Myadestes occidentalis,Frugívoro,1
S11,2024-09-22,08:15,Marta Gómez,Passer domesticus,Granívoro,6
S11,2024-09-22,08:15,Marta Gómez,Pitangus sulphuratus,Insectívoro,1
S11,2024-09-22,08:15,Marta Gómez,Psaltriparus minimus,Insectívoro,7
S11,2024-09-22,08:15,Marta Gómez,Quiscalus mexicanus,Omnívoro,13
S11,2024-09-22,08:15,Marta Gómez,Sporophila torqueola,Granívoro,NA
S11,2024-09-22,08:15,Marta Gómez,Sturnella magna,Insectívoro,9
S11,2024-09-22,08:15,Marta Gómez,Turdus grayi,Omnívoro,4
S11,2024-09-22,08:15,Marta Gómez,Tyrannus melancholicus,Insectívoro,10
S11,2024-09-22,08:15,Marta Gómez,Zenaida asiatica,Granívoro,8
S11,2024-11-15,08:30,Marta Gómez,Cathartes aura,Carroñero,1
S11,2024-11-15,08:30,Marta Gómez,Columbina inca,Granívoro,6
S11,2024-11-15,08:30,Marta Gómez,Cynanthus latirostris,Nectarívoro,1
S11,2024-11-15,08:30,Marta Gómez,Melanerpes aurifrons,Omnívoro,2
S11,2024-11-15,08:30,Marta Gómez,Passer domesticus,Granívoro,2
S11,2024-11-15,08:30,Marta Gómez,Pitangus sulphuratus,Insectívoro,2
S11,2024-11-15,08:30,Marta Gómez,Quiscalus mexicanus,Omnívoro,6
S11,2024-11-15,08:30,Marta Gómez,Setophaga coronata,Insectívoro,7
S11,2024-11-15,08:30,Marta Gómez,Sporophila torqueola,Granívoro,7
S11,2024-11-15,08:30,Marta Gómez,Sturnella magna,Insectívoro,4
S11,2024-11-15,08:30,Marta Gómez,Turdus grayi,Omnívoro,4
S11,2024-11-15,08:30,Marta Gómez,Tyrannus melancholicus,Insectívoro,5
S11,2024-11-15,08:30,Marta Gómez,Zenaida asiatica,Granívoro,13
S12,2024-01-18,08:45,Ana López,Cathartes aura,Carroñero,1
S12,2024-01-18,08:45,Ana López,Columbina inca,Granívoro,10
S12,2024-01-18,08:45,Ana López,Cynanthus latirostris,Nectarívoro,2
S12,2024-01-18,08:45,Ana López,Passer domesticus,Granívoro,10
S12,2024-01-18,08:45,Ana López,Pitangus sulphuratus,Insectívoro,3
S12,2024-01-18,08:45,Ana López,Psaltriparus minimus,Insectívoro,4
S12,2024-01-18,08:45,Ana López,Quiscalus mexicanus,Omnívoro,8
S12,2024-01-18,08:45,Ana López,Setophaga coronata,Insectívoro,4
S12,2024-01-18,08:45,Ana López,Sporophila torqueola,Granívoro,9
S12,2024-01-18,08:45,Ana López,Sturnella magna,Insectívoro,3
S12,2024-01-18,08:45,Ana López,Turdus grayi,Omnívoro,3
S12,2024-01-18,08:45,Ana López,Tyrannus melancholicus,Insectívoro,11
S12,2024-01-18,08:45,Ana López,Zenaida asiatica,Granívoro,7
S12,2024-03-16,07:00,Ana López,Cathartes aura,Carroñero,1
S12,2024-03-16,07:00,Ana López,Columbina inca,Granívoro,9
S12,2024-03-16,07:00,Ana López,Cynanthus latirostris,Nectarívoro,5
S12,2024-03-16,07:00,Ana López,Henicorhina leucophrys,Insectívoro,1
S12,2024-03-16,07:00,Ana López,Melanerpes aurifrons,Omnívoro,1
S12,2024-03-16,07:00,Ana López,Passer domesticus,Granívoro,5
S12,2024-03-16,07:00,Ana López,Pitangus sulphuratus,Insectívoro,2
S12,2024-03-16,07:00,Ana López,Psaltriparus minimus,Insectívoro,6
S12,2024-03-16,07:00,Ana López,Quiscalus mexicanus,Omnívoro,5
S12,2024-03-16,07:00,Ana López,Setophaga coronata,Insectívoro,6
S12,2024-03-16,07:00,Ana López,Sporophila torqueola,Granívoro,5
S12,2024-03-16,07:00,Ana López,Sturnella magna,Insectívoro,1
S12,2024-03-16,07:00,Ana López,Tyrannus melancholicus,Insectívoro,3
S12,2024-03-16,07:00,Ana López,Zenaida asiatica,Granívoro,10
S12,2024-05-18,06:45,Carlos Ruiz,Columbina inca,Granívoro,7
S12,2024-05-18,06:45,Carlos Ruiz,Cynanthus latirostris,Nectarívoro,4
S12,2024-05-18,06:45,Carlos Ruiz,Melanerpes aurifrons,Omnívoro,1
S12,2024-05-18,06:45,Carlos Ruiz,Passer domesticus,Granívoro,5
S12,2024-05-18,06:45,Carlos Ruiz,Pitangus sulphuratus,Insectívoro,2
S12,2024-05-18,06:45,Carlos Ruiz,Psaltriparus minimus,Insectívoro,6
S12,2024-05-18,06:45,Carlos Ruiz,Quiscalus mexicanus,Omnívoro,10
S12,2024-05-18,06:45,Carlos Ruiz,Sporophila torqueola,Granívoro,4
S12,2024-05-18,06:45,Carlos Ruiz,Sturnella magna,Insectívoro,5
S12,2024-05-18,06:45,Carlos Ruiz,Turdus grayi,Omnívoro,NA
S12,2024-05-18,06:45,Carlos Ruiz,Tyrannus melancholicus,Insectívoro,3
S12,2024-05-18,06:45,Carlos Ruiz,Zenaida asiatica,Granívoro,7
S12,2024-07-23,08:15,Ana López,Cathartes aura,Carroñero,3
S12,2024-07-23,08:15,Ana López,Columbina inca,Granívoro,15
S12,2024-07-23,08:15,Ana López,Cynanthus latirostris,Nectarívoro,2
S12,2024-07-23,08:15,Ana López,Melanerpes aurifrons,Omnívoro,1
S12,2024-07-23,08:15,Ana López,Passer domesticus,Granívoro,6
S12,2024-07-23,08:15,Ana López,Pitangus sulphuratus,Insectívoro,4
S12,2024-07-23,08:15,Ana López,Psaltriparus minimus,Insectívoro,8
S12,2024-07-23,08:15,Ana López,Quiscalus mexicanus,Omnívoro,17
S12,2024-07-23,08:15,Ana López,Sporophila torqueola,Granívoro,9
S12,2024-07-23,08:15,Ana López,Sturnella magna,Insectívoro,3
S12,2024-07-23,08:15,Ana López,Turdus grayi,Omnívoro,5
S12,2024-07-23,08:15,Ana López,Tyrannus melancholicus,Insectívoro,5
S12,2024-07-23,08:15,Ana López,Zenaida asiatica,Granívoro,10
S12,2024-09-22,06:15,Marta Gómez,Basileuterus rufifrons,Insectívoro,2
S12,2024-09-22,06:15,Marta Gómez,Columbina inca,Granívoro,12
S12,2024-09-22,06:15,Marta Gómez,Cynanthus latirostris,Nectarívoro,2
S12,2024-09-22,06:15,Marta Gómez,Melanerpes aurifrons,Omnívoro,2
S12,2024-09-22,06:15,Marta Gómez,Passer domesticus,Granívoro,12
S12,2024-09-22,06:15,Marta Gómez,Psaltriparus minimus,Insectívoro,8
S12,2024-09-22,06:15,Marta Gómez,Quiscalus mexicanus,Omnívoro,20
S12,2024-09-22,06:15,Marta Gómez,Sporophila torqueola,Granívoro,10
S12,2024-09-22,06:15,Marta Gómez,Sturnella magna,Insectívoro,9
S12,2024-09-22,06:15,Marta Gómez,Trogon mexicanus,Frugívoro,2
S12,2024-09-22,06:15,Marta Gómez,Turdus grayi,Omnívoro,4
S12,2024-09-22,06:15,Marta Gómez,Tyrannus melancholicus,Insectívoro,4
S12,2024-09-22,06:15,Marta Gómez,Zenaida asiatica,Granívoro,10
S12,2024-11-15,06:30,Ana López,Cathartes aura,Carroñero,2
S12,2024-11-15,06:30,Ana López,Columbina inca,Granívoro,5
S12,2024-11-15,06:30,Ana López,Cynanthus latirostris,Nectarívoro,1
S12,2024-11-15,06:30,Ana López,Melanerpes aurifrons,Omnívoro,2
S12,2024-11-15,06:30,Ana López,Passer domesticus,Granívoro,4
S12,2024-11-15,06:30,Ana López,Pitangus sulphuratus,Insectívoro,1
S12,2024-11-15,06:30,Ana López,Psaltriparus minimus,Insectívoro,3
S12,2024-11-15,06:30,Ana López,Quiscalus mexicanus,Omnívoro,19
S12,2024-11-15,06:30,Ana López,Setophaga coronata,Insectívoro,4
S12,2024-11-15,06:30,Ana López,Sporophila torqueola,Granívoro,8
S12,2024-11-15,06:30,Ana López,Sturnella magna,Insectívoro,8
S12,2024-11-15,06:30,Ana López,Turdus grayi,Omnívoro,6
S12,2024-11-15,06:30,Ana López,Tyrannus melancholicus,Insectívoro,6
S12,2024-11-15,06:30,Ana López,Zenaida asiatica,Granívoro,7
